Distrito,Establecimiento,Dirección,Teléfono,Precio de Venta (Soles por galón)
BARRANCA,ESTACION DE SERVICIOS PASO DE LOS ANDES S.A.C.,CARRETERA PANAMERICANA NORTE KM. 193. BARRIO DE ATAHUALPA,012355428,15.47
PARAMONGA,CORPORATION TOCJUN S.A.C.,FRANCISCO VIDAL NRO. 1022,012361343/012352063,15.49
BARRANCA,GARCIA ALZAMORA NESTOR JAVIER,LOTE DE TERRENO 259 PAMPAS DE VELARDE,,15.49
SUPE PUERTO,PETRO CENTRO SAN PEDRO S.A.C.,BARRIO LA PALMA - ALTURA KM. 191 PANAMERICANA NORTE,962576413/995615658,15.59
BARRANCA,GRIFO BARRANCA VIP S.A.C.,"PARTE DEL SUB LOTE 1 Y SUB LOTE 2, CARRETERA PANAMERICANA NORTE KM. 191+506.50",012355014/939342714,15.59
SUPE,SUPER ESTACION,"SECTOR HUARANGAL CHICO, UC 09063, CARRETERA PANAMERICA NORTE",012364699/943834038,15.59
BARRANCA,PRISER INVERSIONES SAC,SUB LOTE 2B-1 DEL SUB LOTE 2 B DEL SUBLOTE 2 - CARRETERA PANAMERICANA NORTE N° 1651,942924496,15.69
SUPE,SERGAS,CARRETERA PANAMERICANA NORTE KM. 185,932500787,15.79
SUPE PUERTO,GRIFO TEODOLINDA E.I.R.L.,"CARRETERA PANAMERICANA NORTE, LA PALMA, SECTOR PAMPA VELARDE",996038102,15.89
SUPE,CARAL VIP E.I.R.L.,CARRETERA A CARAL SN LOTES 22 AL 29 PREDIO RURAL SAN NICOLAS 10 DE MAYO EL MOLINO,,15.99
SUPE PUERTO,TERPEL PERU S.A.C.,"CARRETERA PANAMERICANA NORTE KM 187 + 932.5, MANZANA URBANA 001-SUB LOTE 1, AA.HH. LETICIA",916419844,15.99
SUPE,INVERSIONES SMITH SPP E.I.R.L.,CARRETERA A LA CAMPIÑA (PROLONGACION AV. BOLOGNESI S/N UC08932) - SECTOR PAMAPA DE ANTIVAL,968406344,15.99
BARRANCA,MARIANO DUEÑAS WILSON ELICEO,SECTOR PAYCUAN EPS NUEVA ESPERANZA NUMERO DE PARCELA 59 CODIGO CATASTRAL 8 1958810 03536,941808781,16.4
BARRANCA,ESTACION DE SERVICIOS PASO DE LOS ANDES SAC,"MZ A, LOTE 01 - CP LAS GARDENIAS (COSTADO DE PARQUE LAS GARDENIAS)",,16.4
BARRANCA,GRIFO BARRANCA VIP S.A.C.,"CARRETERA NUEVA PANAMERICANA NORTE S/N KM. 193+800, PARCELA CHIU CHIU, NUEVA ESPERANZA",012365707/939342714,16.4
PATIVILCA,MEGA ESTACION DE SERVICIOS LOS DELFINES S.A.,PREDIO RURAL 8-1958815-016846- SECTOR JAZMIN PROYECTO PREDIOS DE PATIVILCA,013603158/994979790,16.48
BARRANCA,SILYCARP INVERSIONES SAC,PRIMER OVALO N°100 (ANTES CHIU CHIU A. LOTE “B”),999226232,16.59
PARAMONGA,GRIFO EL RUISEÑOR E.I.R.L.,"AUTOPISTA PATIVILCA – HUARAZ, VALLE FORTALEZA, PREDIO LA ESPERANZA, SECTOR SHAURA",992275837/988669612,16.6
SUPE,ESTACION DE SERVICIOS CALETA S.A.C.,"PANAMERICANA NORTE KM 182, MZ. A LOTE N° 2, LOS HUACOS CHIRIMOYO EL PORVENIR",922529197,16.79
BARRANCA,SILYCARP INVERSIONES SAC,"JR. LAURIAMA MZ B LOTES 3, 4, 5, 6 Y 7 FUNDO PATILLO",942924496,16.9
PARAMONGA,ESTACION DE SERVICIOS SAN ANTONIO SAC,CARRETERA PATIVILCA-CRUZ KM. 12.5 CENTRO POBLADO DE TUNAN-PAPAMONGA-BARRANCA-LIMA,999913166/943788795,16.95
PATIVILCA,GRIFO SAN IGNACIO SAC,CALLE JAZMIN N° 460 - 462,943413879,16.95
PATIVILCA,ESTACION DE SERVICIO PATIVILCA SAC,JR. SAN MARTIN S/N CARRETERA PANAMERICANA NORTE KM. 210,,16.99
PARAMONGA,MULTISERVICIOS LIM TRANSPOR SAC,CARRETERA CAMINO A HUARAZ - SAN JUAN DE TUNAN,989508620/930850429,16.99
BARRANCA,INVERSIONES DE ABASTECIMIENTO Y SERVICIO AUTOMOTRIZ SIERRA S.R.L.,JR. RAMON CASTILLA MARQUESADO N° 1290,013556150,16.99
SUPE,MULTI SERVICIO GASO CENTRO POMPEYO S.A.C,PANAMERICANA NORTE KM 190+400 MT,996627040/972630901,17.0
SUPE,CORPORATION WILCARDIE S.A.C.,CARRETERA PANAMERICANA NORTE KM 179,,17.2
BARRANCA,REPRESENTACIONES 4.L.L. S.A.C.,PANAMERICANA NORTE KM. 198,949415445,17.29
SUPE,MULTISERVICIOS LUCHINS E.I.R.L.,CARRETERA PANAMERICANA NORTE SUB LOTE D UC 120645 SECTOR LA MINKA,015065056,17.39
BARRANCA,COESTI S.A,AV. RAMON CASTILLA N° 921,012033100/012080100/961606777,17.59
BARRANCA,COESTI S.A,AV. CARRETERA PANAMERICANA NORTE KM. 196 (ANTES CARRETERA PANAMERICANA NORTE INTERSECCION CON LA AV. A),012033100/012080100/978854779,17.59
SUPE,ESTACION DE SERVICIOS HERCO SAC,CARRETERA PANAMERICANA NORTE KM 180.100,960151755/937283989,17.9
SUPE,COESTI S.A.,PANAMERICANA NORTE KM. 185,012080100/2033100/978871113,17.99
PARAMONGA,CORPORATION TOCJUN S.A.C.,FRANCISCO VIDAL NRO. 1022,012361343/012352063,14.39
SUPE,SUPER ESTACION,"SECTOR HUARANGAL CHICO, UC 09063, CARRETERA PANAMERICA NORTE",012364699/943834038,14.39
BARRANCA,ESTACION DE SERVICIOS PASO DE LOS ANDES S.A.C.,CARRETERA PANAMERICANA NORTE KM. 193. BARRIO DE ATAHUALPA,012355428,14.39
BARRANCA,GARCIA ALZAMORA NESTOR JAVIER,LOTE DE TERRENO 259 PAMPAS DE VELARDE,,14.39
SUPE PUERTO,PETRO CENTRO SAN PEDRO S.A.C.,BARRIO LA PALMA - ALTURA KM. 191 PANAMERICANA NORTE,962576413/995615658,14.49
BARRANCA,GRIFO BARRANCA VIP S.A.C.,"PARTE DEL SUB LOTE 1 Y SUB LOTE 2, CARRETERA PANAMERICANA NORTE KM. 191+506.50",012355014/939342714,14.49
BARRANCA,PRISER INVERSIONES SAC,SUB LOTE 2B-1 DEL SUB LOTE 2 B DEL SUBLOTE 2 - CARRETERA PANAMERICANA NORTE N° 1651,942924496,14.55
SUPE PUERTO,GRIFO TEODOLINDA E.I.R.L.,"CARRETERA PANAMERICANA NORTE, LA PALMA, SECTOR PAMPA VELARDE",996038102,14.89
SUPE PUERTO,INVERSIONES PETRONOR E.I.R.L,CARRETERA PANAMERICANA NORTE KM. 187,012360505/977720815,14.89
SUPE,SERGAS,CARRETERA PANAMERICANA NORTE KM. 185,932500787,14.99
SUPE PUERTO,TERPEL PERU S.A.C.,"CARRETERA PANAMERICANA NORTE KM 187 + 932.5, MANZANA URBANA 001-SUB LOTE 1, AA.HH. LETICIA",916419844,14.99
SUPE,INVERSIONES SMITH SPP E.I.R.L.,CARRETERA A LA CAMPIÑA (PROLONGACION AV. BOLOGNESI S/N UC08932) - SECTOR PAMAPA DE ANTIVAL,968406344,14.99
PARAMONGA,GRIFO EL RUISEÑOR E.I.R.L.,"AUTOPISTA PATIVILCA – HUARAZ, VALLE FORTALEZA, PREDIO LA ESPERANZA, SECTOR SHAURA",992275837/988669612,15.0
PATIVILCA,MEGA ESTACION DE SERVICIOS LOS DELFINES S.A.,PREDIO RURAL 8-1958815-016846- SECTOR JAZMIN PROYECTO PREDIOS DE PATIVILCA,013603158/994979790,15.08
BARRANCA,ESTACION DE SERVICIOS PASO DE LOS ANDES SAC,"MZ A, LOTE 01 - CP LAS GARDENIAS (COSTADO DE PARQUE LAS GARDENIAS)",,15.12
BARRANCA,GRIFO BARRANCA VIP S.A.C.,"CARRETERA NUEVA PANAMERICANA NORTE S/N KM. 193+800, PARCELA CHIU CHIU, NUEVA ESPERANZA",012365707/939342714,15.15
BARRANCA,MARIANO DUEÑAS WILSON ELICEO,SECTOR PAYCUAN EPS NUEVA ESPERANZA NUMERO DE PARCELA 59 CODIGO CATASTRAL 8 1958810 03536,941808781,15.2
BARRANCA,SILYCARP INVERSIONES SAC,PRIMER OVALO N°100 (ANTES CHIU CHIU A. LOTE “B”),999226232,15.29
PATIVILCA,GRIFO SAN IGNACIO SAC,CALLE JAZMIN N° 460 - 462,943413879,15.29
SUPE,CARAL VIP E.I.R.L.,CARRETERA A CARAL SN LOTES 22 AL 29 PREDIO RURAL SAN NICOLAS 10 DE MAYO EL MOLINO,,15.29
PATIVILCA,ESTACION DE SERVICIO PATIVILCA SAC,JR. SAN MARTIN S/N CARRETERA PANAMERICANA NORTE KM. 210,,15.33
BARRANCA,SILYCARP INVERSIONES SAC,"JR. LAURIAMA MZ B LOTES 3, 4, 5, 6 Y 7 FUNDO PATILLO",942924496,15.35
PARAMONGA,MULTISERVICIOS LIM TRANSPOR SAC,CARRETERA CAMINO A HUARAZ - SAN JUAN DE TUNAN,989508620/930850429,15.49
PARAMONGA,ESTACION DE SERVICIOS SAN ANTONIO SAC,CARRETERA PATIVILCA-CRUZ KM. 12.5 CENTRO POBLADO DE TUNAN-PAPAMONGA-BARRANCA-LIMA,999913166/943788795,15.59
BARRANCA,INVERSIONES DE ABASTECIMIENTO Y SERVICIO AUTOMOTRIZ SIERRA S.R.L.,JR. RAMON CASTILLA MARQUESADO N° 1290,013556150,15.59
SUPE,ESTACION DE SERVICIOS CALETA S.A.C.,"PANAMERICANA NORTE KM 182, MZ. A LOTE N° 2, LOS HUACOS CHIRIMOYO EL PORVENIR",922529197,15.79
BARRANCA,REPRESENTACIONES 4.L.L. S.A.C.,PANAMERICANA NORTE KM. 198,949415445,15.79
SUPE,MULTI SERVICIO GASO CENTRO POMPEYO S.A.C,PANAMERICANA NORTE KM 190+400 MT,996627040/972630901,15.8
BARRANCA,COESTI S.A,AV. RAMON CASTILLA N° 921,012033100/012080100/961606777,15.99
SUPE,MULTISERVICIOS LUCHINS E.I.R.L.,CARRETERA PANAMERICANA NORTE SUB LOTE D UC 120645 SECTOR LA MINKA,015065056,15.99
SUPE,CORPORATION WILCARDIE S.A.C.,CARRETERA PANAMERICANA NORTE KM 179,,15.99
BARRANCA,COESTI S.A,AV. CARRETERA PANAMERICANA NORTE KM. 196 (ANTES CARRETERA PANAMERICANA NORTE INTERSECCION CON LA AV. A),012033100/012080100/978854779,15.99
SUPE,COESTI S.A.,PANAMERICANA NORTE KM. 185,012080100/2033100/978871113,16.69
SUPE,ESTACION DE SERVICIOS HERCO SAC,CARRETERA PANAMERICANA NORTE KM 180.100,960151755/937283989,16.9
SUPE,FIDEL SAC,AV. FRANCISCO VIDAL Nº 155 (EX CARRETERA PANAMERICANA NORTE KM. 187.60),987372882,19.0
BARRANCA,ESTACION DE SERVICIOS PASO DE LOS ANDES S.A.C.,CARRETERA PANAMERICANA NORTE KM. 193. BARRIO DE ATAHUALPA,12355428,13.27
BARRANCA,INVERSIONES DE ABASTECIMIENTO Y SERVICIO AUTOMOTRIZ SIERRA S.R.L.,JR. RAMON CASTILLA MARQUESADO N° 1290,13556150,15.69
SUPE PUERTO,X,CARRETERA PANAMERICANA NORTE KM.186 (ANTES KM. 190 Y ANTES 173.6 LUEGO 185 SEGÚN CONSTA EN LA ESCRITURA DE TRANSFERENCIA DE PROPIEDAD Nº 1077),,14.89
SUPE PUERTO,INVERSIONES PETRONOR E.I.R.L,CARRETERA PANAMERICANA NORTE KM. 187,012360505/977720815,15.69
BARRANCA,ESTACION DE SERVICIOS PASO DE LOS ANDES S.A.C.,CARRETERA PANAMERICANA NORTE KM. 193. BARRIO DE ATAHUALPA,012355428,15.73
BARRANCA,MARIANO DUEÑAS WILSON ELICEO,SECTOR PAYCUAN EPS NUEVA ESPERANZA NUMERO DE PARCELA 59 CODIGO CATASTRAL 8 1958810 03536,941808781,15.9
BARRANCA,ESTACION DE SERVICIOS PASO DE LOS ANDES SAC,"MZ A, LOTE 01 - CP LAS GARDENIAS (COSTADO DE PARQUE LAS GARDENIAS)",,15.9
PARAMONGA,MULTISERVICIOS LIM TRANSPOR SAC,CARRETERA CAMINO A HUARAZ - SAN JUAN DE TUNAN,989508620/930850429,15.95
PARAMONGA,GRIFO EL RUISEÑOR E.I.R.L.,"AUTOPISTA PATIVILCA – HUARAZ, VALLE FORTALEZA, PREDIO LA ESPERANZA, SECTOR SHAURA",992275837/988669612,15.98
PATIVILCA,MEGA ESTACION DE SERVICIOS LOS DELFINES S.A.,PREDIO RURAL 8-1958815-016846- SECTOR JAZMIN PROYECTO PREDIOS DE PATIVILCA,013603158/994979790,15.98
BARRANCA,SILYCARP INVERSIONES SAC,PRIMER OVALO N°100 (ANTES CHIU CHIU A. LOTE “B”),999226232,15.98
SUPE,SUPER ESTACION,"SECTOR HUARANGAL CHICO, UC 09063, CARRETERA PANAMERICA NORTE",012364699/943834038,15.98
SUPE,INVERSIONES SMITH SPP E.I.R.L.,CARRETERA A LA CAMPIÑA (PROLONGACION AV. BOLOGNESI S/N UC08932) - SECTOR PAMAPA DE ANTIVAL,968406344,15.99
BARRANCA,REPRESENTACIONES 4.L.L. S.A.C.,PANAMERICANA NORTE KM. 198,949415445,15.99
PATIVILCA,GRIFO SAN IGNACIO SAC,CALLE JAZMIN N° 460 - 462,943413879,15.99
BARRANCA,PRISER INVERSIONES SAC,SUB LOTE 2B-1 DEL SUB LOTE 2 B DEL SUBLOTE 2 - CARRETERA PANAMERICANA NORTE N° 1651,942924496,16.0
BARRANCA,GRIFO BARRANCA VIP S.A.C.,"CARRETERA NUEVA PANAMERICANA NORTE S/N KM. 193+800, PARCELA CHIU CHIU, NUEVA ESPERANZA",012365707/939342714,16.1
SUPE PUERTO,PETRO CENTRO SAN PEDRO S.A.C.,BARRIO LA PALMA - ALTURA KM. 191 PANAMERICANA NORTE,962576413/995615658,16.1
BARRANCA,GRIFO BARRANCA VIP S.A.C.,"PARTE DEL SUB LOTE 1 Y SUB LOTE 2, CARRETERA PANAMERICANA NORTE KM. 191+506.50",012355014/939342714,16.1
BARRANCA,INVERSIONES DE ABASTECIMIENTO Y SERVICIO AUTOMOTRIZ SIERRA S.R.L.,JR. RAMON CASTILLA MARQUESADO N° 1290,013556150,16.15
PARAMONGA,CORPORATION TOCJUN S.A.C.,FRANCISCO VIDAL NRO. 1022,012361343/012352063,16.19
PATIVILCA,ESTACION DE SERVICIO PATIVILCA SAC,JR. SAN MARTIN S/N CARRETERA PANAMERICANA NORTE KM. 210,,16.19
SUPE PUERTO,GRIFO TEODOLINDA E.I.R.L.,"CARRETERA PANAMERICANA NORTE, LA PALMA, SECTOR PAMPA VELARDE",996038102,16.19
SUPE,ESTACION DE SERVICIOS HERCO SAC,CARRETERA PANAMERICANA NORTE KM 180.100,960151755/937283989,16.24
BARRANCA,SILYCARP INVERSIONES SAC,"JR. LAURIAMA MZ B LOTES 3, 4, 5, 6 Y 7 FUNDO PATILLO",942924496,16.25
SUPE PUERTO,TERPEL PERU S.A.C.,"CARRETERA PANAMERICANA NORTE KM 187 + 932.5, MANZANA URBANA 001-SUB LOTE 1, AA.HH. LETICIA",916419844,16.29
SUPE,SERGAS,CARRETERA PANAMERICANA NORTE KM. 185,932500787,16.29
BARRANCA,COESTI S.A,AV. RAMON CASTILLA N° 921,012033100/012080100/961606777,16.29
BARRANCA,COESTI S.A,AV. CARRETERA PANAMERICANA NORTE KM. 196 (ANTES CARRETERA PANAMERICANA NORTE INTERSECCION CON LA AV. A),012033100/012080100/978854779,16.29
SUPE,CARAL VIP E.I.R.L.,CARRETERA A CARAL SN LOTES 22 AL 29 PREDIO RURAL SAN NICOLAS 10 DE MAYO EL MOLINO,,16.3
PARAMONGA,ESTACION DE SERVICIOS SAN ANTONIO SAC,CARRETERA PATIVILCA-CRUZ KM. 12.5 CENTRO POBLADO DE TUNAN-PAPAMONGA-BARRANCA-LIMA,999913166/943788795,16.47
SUPE,ESTACION DE SERVICIOS CALETA S.A.C.,"PANAMERICANA NORTE KM 182, MZ. A LOTE N° 2, LOS HUACOS CHIRIMOYO EL PORVENIR",922529197,16.49
SUPE,FIDEL SAC,AV. FRANCISCO VIDAL Nº 155 (EX CARRETERA PANAMERICANA NORTE KM. 187.60),987372882,16.5
SUPE,COESTI S.A.,PANAMERICANA NORTE KM. 185,012080100/2033100/978871113,16.69
SUPE,MULTI SERVICIO GASO CENTRO POMPEYO S.A.C,PANAMERICANA NORTE KM 190+400 MT,996627040/972630901,16.7
SUPE,MULTISERVICIOS LUCHINS E.I.R.L.,CARRETERA PANAMERICANA NORTE SUB LOTE D UC 120645 SECTOR LA MINKA,015065056,16.89
BARRANCA,GARCIA ALZAMORA NESTOR JAVIER,LOTE DE TERRENO 259 PAMPAS DE VELARDE,,16.9
SUPE,CORPORATION WILCARDIE S.A.C.,CARRETERA PANAMERICANA NORTE KM 179,,16.99
No existen registros.,No existen registros.,No existen registros.,No existen registros.,No existen registros.
No existen registros.,No existen registros.,No existen registros.,No existen registros.,No existen registros.
No existen registros.,No existen registros.,No existen registros.,No existen registros.,No existen registros.
No existen registros.,No existen registros.,No existen registros.,No existen registros.,No existen registros.
SANTA ROSA DE QUIVES,MEGA ESTACION DE SERVICIOS INVERSOL S.A.,"CARRETERA LIMA-CANTA, KM. 40, ZAPAN P-14, PROYECTO TAHUANTINSUYO",994979790,15.59
SANTA ROSA DE QUIVES,GLODY ZUÑIGA SANCHEZ,"CENTRO POBLADO COCAYALTA, CARRETERA LIMA-CANTA, KM. 48.5 CON JR. JESUS DE NAZARET",985962499/954870703,15.89
SANTA ROSA DE QUIVES,MIOLENA S.A.,CARRETERA LIMA – CANTA KM. 36.85,,15.99
SANTA ROSA DE QUIVES,GRIFO SAN IGNACIO S.A.C,"PREDIO RURAL UBICA RURAL CE 288944 CN 8780634 CODIGO PREDIO/8-2858705 - 00030 UNIDAD CATASTRAL 00030/PREDIO PARCELA 31, LT1",,15.99
SANTA ROSA DE QUIVES,GRIFO YANGAS,PREDIO BENDITA MAGDALENA UC 04169,947929540/983864995,16.18
SANTA ROSA DE QUIVES,GASOCENTRO TADUP SAC,KM. 39.5 CARRETERA A CANTA - PUEBLO TRAPICHE,951524995/981657561,17.29
CANTA,EMPRESA INDUSTRIAL COMERCIAL Y DE SERVICIOS MATILDE LEON S.A.,CALLE RAMON CASTILLA S/N ESQUINA AV. NUEVA,,18.0
SANTA ROSA DE QUIVES,MEGA ESTACION DE SERVICIOS INVERSOL S.A.,"CARRETERA LIMA-CANTA, KM. 40, ZAPAN P-14, PROYECTO TAHUANTINSUYO",994979790,14.58
SANTA ROSA DE QUIVES,MIOLENA S.A.,CARRETERA LIMA – CANTA KM. 36.85,,14.85
SANTA ROSA DE QUIVES,GRIFO YANGAS,PREDIO BENDITA MAGDALENA UC 04169,947929540/983864995,14.88
SANTA ROSA DE QUIVES,GRIFO SAN IGNACIO S.A.C,"PREDIO RURAL UBICA RURAL CE 288944 CN 8780634 CODIGO PREDIO/8-2858705 - 00030 UNIDAD CATASTRAL 00030/PREDIO PARCELA 31, LT1",,14.99
SANTA ROSA DE QUIVES,GASOCENTRO TADUP SAC,KM. 39.5 CARRETERA A CANTA - PUEBLO TRAPICHE,951524995/981657561,16.19
SANTA ROSA DE QUIVES,GLODY ZUÑIGA SANCHEZ,"CENTRO POBLADO COCAYALTA, CARRETERA LIMA-CANTA, KM. 48.5 CON JR. JESUS DE NAZARET",985962499/954870703,16.89
CANTA,EMPRESA INDUSTRIAL COMERCIAL Y DE SERVICIOS MATILDE LEON S.A.,CALLE RAMON CASTILLA S/N ESQUINA AV. NUEVA,,17.0
No existen registros.,No existen registros.,No existen registros.,No existen registros.,No existen registros.
SANTA ROSA DE QUIVES,MEGA ESTACION DE SERVICIOS INVERSOL S.A.,"CARRETERA LIMA-CANTA, KM. 40, ZAPAN P-14, PROYECTO TAHUANTINSUYO",994979790,16.14
SANTA ROSA DE QUIVES,MIOLENA S.A.,CARRETERA LIMA – CANTA KM. 36.85,,16.15
SANTA ROSA DE QUIVES,GRIFO SAN IGNACIO S.A.C,"PREDIO RURAL UBICA RURAL CE 288944 CN 8780634 CODIGO PREDIO/8-2858705 - 00030 UNIDAD CATASTRAL 00030/PREDIO PARCELA 31, LT1",,16.15
SANTA ROSA DE QUIVES,GLODY ZUÑIGA SANCHEZ,"CENTRO POBLADO COCAYALTA, CARRETERA LIMA-CANTA, KM. 48.5 CON JR. JESUS DE NAZARET",985962499/954870703,16.29
SANTA ROSA DE QUIVES,GRIFO YANGAS,PREDIO BENDITA MAGDALENA UC 04169,947929540/983864995,16.38
SANTA ROSA DE QUIVES,GASOCENTRO TADUP SAC,KM. 39.5 CARRETERA A CANTA - PUEBLO TRAPICHE,951524995/981657561,16.49
CANTA,EMPRESA INDUSTRIAL COMERCIAL Y DE SERVICIOS MATILDE LEON S.A.,CALLE RAMON CASTILLA S/N ESQUINA AV. NUEVA,,19.0
MALA,GRUPO EMPRESARIAL NONATO E.I.R.L.,"CARRETERA PANAMERICANA SUR KM. 87.5 LOTE 01 ESQUINA CON PASAJE PALOMINO (UC 11676 SALITRE BUJAMA, SECTOR PAMPA BARCELONA)",,15.9
MALA,PRISER INVERSIONES S.A.C.,PREDIO RURAL MARCHAND SECTOR MALA CODIGO CATASTRAL 8-3208600-019052 PROYECTO PREDIOS DE MALA VALLE MALA,999228026,15.99
MALA,GRIFOSA SAC,CARRETERA PANAMERICANA SUR KM. 86.5,963764138/994602464,15.99
MALA,SOLIER REYNOSO RAUL HUMBERTO,"PARCELA 101A, UC 12167, LOTES 12 AL 6 PROYECTO SAN PEDRO DE MALA, SECTOR BUJAMA",,15.99
IMPERIAL,COMPAÑIA DE COMBUSTIBLES DEL SUR S.A.C.,AV. VILLARREAL MZ. B LOTE. 33 ANEXO VILLARREAL,999083491,16.28
CHILCA,ESTACIÓN DE SERVICIOS PASO DE LOS ANDES S.A.C.,PANAMERICANA SUR KM. 57.4,012718701/012319499,16.29
CHILCA,ESTACION 715 PETRO CHILCA,"MZ. N, LOTE 02, ALTURA KM. 63.50 CARRETERA PANAMERICANA SUR LADO IZQUIERDO SENTIDO LIMA - CAÑETE",015342336,16.32
SAN ANTONIO,J.W. OLIVER S.A.C.,"PARCELA Nº 24, CODIGO CATASTRAL 11251 - PAMPA LA VIRGEN – SAN ANTONIO U. C. 11251 - P.O. 3141198 ALTURA CARRETERA PANAMERICANA SUR KM. 76.700",,16.37
NUEVO IMPERIAL,EMPRESA DE TRANSPORTES IMPERIAL NUEVO IMPERIAL LA FLORIDA Nº 06 S.A.,"LOTIZACION EL CONDE, LOTE 1, PARCELA P-87-1",,16.58
IMPERIAL,ESTACION DE SERVICIOS MONTECRUZ S.A.C.,RESIDENCIAL VILLA VICENTE MZ. 'H2' LOTE 01 CARRETERA CAÑETE - YAUYOS,,16.78
CHILCA,ES CHILCA COESTI PRIMAX,AUTOPISTA PANAMERICANA SUR KM. 63.5,5112033100/012080100/987862400,16.79
SAN VICENTE DE CAÑETE,COMBUSTIBLES ICA S.A.,CARRETERA PANAMERICANA SUR KM. 143,012661515,16.79
MALA,GRIFO KAREN & CAROL SOCIEDAD COMERCIAL DE RESPONSABILIDAD LIMITADA,AV. PANAMERICANA N° 352,015309662,16.86
MALA,REPSOL COMERCIAL S.A.C.,AUTOPISTA CARRETERA PANAMERICANA SUR KM. 88,012765939,16.99
MALA,REPSOL COMERCIAL S.A.C.,CARRETERA PANAMERICANA SUR KM 88,,16.99
SAN VICENTE DE CAÑETE,ESTACION SR DE LA ASCESION DE CACHUY SAC,CARRETERA PANAMERICANA SUR KM. 145.25,949862589,16.99
SAN VICENTE DE CAÑETE,SILVIA AMANDA DIAZ CALDERON,CARRETERA PANAMERICANA SUR KM. 144.5,932110580,16.99
CERRO AZUL,AUTOSERVICIO CASA BLANCA S.A.C.,ANTIGUA PANAMERICANA SUR KM 134.5,965116086,17.0
SAN VICENTE DE CAÑETE,AUTOPASA EIRL,CARRETERA PANAMERICANA SUR KM. 142.5,975064338,17.1
SAN LUIS,GRIFO CENTRAL SAC,AV. 28 DE JULIO N° 152,987803875,17.1
QUILMANA,SERVICENTRO RUEDA,LT. 19 - 2 CINCO ESQUINAS - CARRETERA DE IMPERIAL A QUILMANA (EX ANTIGUA PANAMERICANA),955568924/955340720,17.29
NUEVO IMPERIAL,ESTACION DE SERVICIOS ROMA,"AV. CENTRO POBLADO PUEBLO NUEVO DE CONTA, AV. VICTOR ANDRES BELAUNDE MZ. X2 LOTE 6",947194433/955340720,17.29
IMPERIAL,SERVICENTRO VIRGEN DE COCHARCAS S.A.C.,"URB. LOS LAURELES, MZ. A LT. N° 1",015897024/949809337,17.37
SAN VICENTE DE CAÑETE,EMPRESA HUPESA S.A.C.,"AV. MARISCAL OSCAR R. BENAVIDES (AUTOPISTA SAN VICENTE - IMPERIAL), SECTOR EL CHILCAL U.C. 06620 PARCELA 1, SUB LOTE A",989507254,17.39
MALA,RENSO & RUTH INVERSIONES ASOCIADAS S.A.C.,ANTIGUA PANAMERICANA SUR PARCELA UC 02547-A,,17.4
SAN ANTONIO,RENSO & RUTH INVERSIONES ASOCIADAS S.A.C,"AV. LIBERTAD MZ. F, LOTE 17.",,17.4
QUILMANA,JESUS PRIMITIVO RUEDA CAYCHO,ESQUINA AV. LIMA CON JR. CALLAO,,17.49
SAN VICENTE DE CAÑETE,REPRESENTACIONES FLORENCIO S.A.C.,CARRETERA PANAMERICANA SUR KM. 148.4,017914118/017753342,17.5
QUILMANA,AR ENERGIA S.A.C.,CARRETERA IMPERIAL - QUILMANA S/N FUNDO HUAMAN DE LOS HEROES,959374819,17.69
QUILMANA,EMPRESA DE TRANSPORTES VIRGEN DE LA CANDELARIA S.A.,"CARRETERA IMPERIAL QUILMANA, KM. 12 PREDIO UC N° 10758A SECTOR 5 ESQUINAS",,17.69
SAN VICENTE DE CAÑETE,PROYECTO INVERSIONES JM S.R.L.,AV. MARISCAL BENAVIDES N° 1399,,17.88
SAN VICENTE DE CAÑETE,ESCOH S.A.C.,"AUTOPISTA IMPERIAL - SAN VICENTE (ALTURA KM. 4.00), AV. MARISCAL BENAVIDES SUB LOTE 1B",955108634,17.88
SAN VICENTE DE CAÑETE,GRIFOS ESPINOZA S.A.,"NUMERO DE PARCELA SUB LOTE A, CODIGO CATASTRAL SECTOR MONTALVAN, PROYECTO TERCER MUNDO VALLE CAÑETE",965948536,17.89
ASIA,ASIA GRIFOS Y SERVICIOS GENERALES S.A.C.,CARRETERA PANAMERICANA SUR KM. 97.5,936834861,17.98
MALA,INVERSIONES MALVELLIZ S.R.L.,AV. PANAMERICANA SUR NO. 630,963830360,17.99
ASIA,ES ASIA COESTI PRIMAX,"CARRETERA PANAMERICANA SUR KM 97.5 LOTE 30, FUNDO LA QUERENCIA",5112033100/2080100/978920612,17.99
NUEVO IMPERIAL,CARLOS ENRIQUE VICENTE HUAMAN,AV. VICTOR ANDRES BELAUNDE MZ. D2 LT. 1K PUEBLO NUEVO DE CONTA,,18.0
ASIA,ESTACION DE SERVICIOS SAN JOSE S.A.C.,KM. 98.20 AUTOPISTA PANAMERICANA SUR,,18.03
CERRO AZUL,ESTACION CERRO AZUL S.A.C.,CARRETERA PANAMERICANA SUR KM. 133,014584556/997581945/989320309,18.19
NUEVO IMPERIAL,TURKEZA7 E.I.R.L.,AUTOPISTA ROMA 52 S/N CRUCE CON CAMINO A RINCONADA,933812537/926359373,18.25
ASIA,COESTI PRIMAX,CARRETERA PANAMERICANA SUR KM. 106 (SUR A NORTE) PREDIO B-SECTOR SARAPAMPA,012033100/012080100/978838700,18.35
ASIA,INVERSIONES SALCANI S.A.C.,"MANZANA A LOTES 1 AL 4, URB. LAS CASUARINAS DE ASIA",014978549/996396560/975359369,18.38
SAN VICENTE DE CAÑETE,MECHANIC PRO FUELS S.A.C.,AV. MARISCAL BENAVIDES N° 2433,012847620,18.45
IMPERIAL,GAS STATION CHAUPIN S.A.C.,MZ I 2 H.U. URB. RESIDENCIAL VILLA VICENTE 3ERA ETAPA,,18.5
CERRO AZUL,J.W. OLIVER S.A.C.,CARRETERA PANAMERICANA SUR KM. 127 - PAMPA LOS LOBOS,,18.55
IMPERIAL,ESTACION DE SERVICIOS VISTA ALEGRE E.I.R.L.,"LOTE SAN FRANCISCO A-1 SECTOR LA ALAMEDA, COOPERATIVA AGRARIA CERRO ALEGRE",,18.59
NUEVO IMPERIAL,GASOLINERA CHAUPIN S.A.C.,"AV. LOS LIBERTADORES S/N, CENTRO POBLADO AUGUSTO B. LEGUIA (ALTURA KM 12, MARGEN DERECHA CARRETERA CAÑETE - YAUYOS)",,18.8
SAN LUIS,COESTI SA,PANAMERICANA SUR KM. 138 AV. 28 DE JULIO N 216,012080100/012033100/920812978,18.89
CERRO AZUL,COESTI S.A.,ALTURA DEL KM. 129.2 DE LA AUTOPISTA PANAMERICANA SUR,511996207533/5112033100/967906076,18.89
ASIA,COESTI S.A. PRIMAX,CARRETERA PANAMERICANA SUR KM. 106 (NORTE A SUR) PREDIO A SECTOR SARAPAMPA,012080100/012033100/978838700,18.89
MALA,GRUPO EMPRESARIAL NONATO E.I.R.L.,"CARRETERA PANAMERICANA SUR KM. 87.5 LOTE 01 ESQUINA CON PASAJE PALOMINO (UC 11676 SALITRE BUJAMA, SECTOR PAMPA BARCELONA)",,14.99
CHILCA,ESTACIÓN DE SERVICIOS PASO DE LOS ANDES S.A.C.,PANAMERICANA SUR KM. 57.4,012718701/012319499,15.12
CHILCA,ESTACION 715 PETRO CHILCA,"MZ. N, LOTE 02, ALTURA KM. 63.50 CARRETERA PANAMERICANA SUR LADO IZQUIERDO SENTIDO LIMA - CAÑETE",015342336,15.22
IMPERIAL,COMPAÑIA DE COMBUSTIBLES DEL SUR S.A.C.,AV. VILLARREAL MZ. B LOTE. 33 ANEXO VILLARREAL,999083491,15.28
SAN ANTONIO,J.W. OLIVER S.A.C.,"PARCELA Nº 24, CODIGO CATASTRAL 11251 - PAMPA LA VIRGEN – SAN ANTONIO U. C. 11251 - P.O. 3141198 ALTURA CARRETERA PANAMERICANA SUR KM. 76.700",,15.29
NUEVO IMPERIAL,EMPRESA DE TRANSPORTES IMPERIAL NUEVO IMPERIAL LA FLORIDA Nº 06 S.A.,"LOTIZACION EL CONDE, LOTE 1, PARCELA P-87-1",,15.58
SAN VICENTE DE CAÑETE,SILVIA AMANDA DIAZ CALDERON,CARRETERA PANAMERICANA SUR KM. 144.5,932110580,15.69
SAN VICENTE DE CAÑETE,ESTACION SR DE LA ASCESION DE CACHUY SAC,CARRETERA PANAMERICANA SUR KM. 145.25,949862589,15.69
SAN VICENTE DE CAÑETE,COMBUSTIBLES ICA S.A.,CARRETERA PANAMERICANA SUR KM. 143,012661515,15.69
MALA,PRISER INVERSIONES S.A.C.,PREDIO RURAL MARCHAND SECTOR MALA CODIGO CATASTRAL 8-3208600-019052 PROYECTO PREDIOS DE MALA VALLE MALA,999228026,15.75
IMPERIAL,ESTACION DE SERVICIOS MONTECRUZ S.A.C.,RESIDENCIAL VILLA VICENTE MZ. 'H2' LOTE 01 CARRETERA CAÑETE - YAUYOS,,15.78
CHILCA,ES CHILCA COESTI PRIMAX,AUTOPISTA PANAMERICANA SUR KM. 63.5,5112033100/012080100/987862400,15.79
MALA,GRIFO KAREN & CAROL SOCIEDAD COMERCIAL DE RESPONSABILIDAD LIMITADA,AV. PANAMERICANA N° 352,015309662,15.83
MALA,GRIFOSA SAC,CARRETERA PANAMERICANA SUR KM. 86.5,963764138/994602464,15.89
MALA,SOLIER REYNOSO RAUL HUMBERTO,"PARCELA 101A, UC 12167, LOTES 12 AL 6 PROYECTO SAN PEDRO DE MALA, SECTOR BUJAMA",,15.89
CERRO AZUL,AUTOSERVICIO CASA BLANCA S.A.C.,ANTIGUA PANAMERICANA SUR KM 134.5,965116086,15.9
MALA,REPSOL COMERCIAL S.A.C.,AUTOPISTA CARRETERA PANAMERICANA SUR KM. 88,012765939,15.99
MALA,REPSOL COMERCIAL S.A.C.,CARRETERA PANAMERICANA SUR KM 88,,15.99
SAN LUIS,GRIFO CENTRAL SAC,AV. 28 DE JULIO N° 152,987803875,16.0
SAN VICENTE DE CAÑETE,AUTOPASA EIRL,CARRETERA PANAMERICANA SUR KM. 142.5,975064338,16.0
SAN VICENTE DE CAÑETE,REPRESENTACIONES FLORENCIO S.A.C.,CARRETERA PANAMERICANA SUR KM. 148.4,017914118/017753342,16.2
QUILMANA,SERVICENTRO RUEDA,LT. 19 - 2 CINCO ESQUINAS - CARRETERA DE IMPERIAL A QUILMANA (EX ANTIGUA PANAMERICANA),955568924/955340720,16.29
IMPERIAL,ESTACION DE SERVICIOS VISTA ALEGRE E.I.R.L.,"LOTE SAN FRANCISCO A-1 SECTOR LA ALAMEDA, COOPERATIVA AGRARIA CERRO ALEGRE",,16.29
NUEVO IMPERIAL,ESTACION DE SERVICIOS ROMA,"AV. CENTRO POBLADO PUEBLO NUEVO DE CONTA, AV. VICTOR ANDRES BELAUNDE MZ. X2 LOTE 6",947194433/955340720,16.29
SAN VICENTE DE CAÑETE,EMPRESA HUPESA S.A.C.,"AV. MARISCAL OSCAR R. BENAVIDES (AUTOPISTA SAN VICENTE - IMPERIAL), SECTOR EL CHILCAL U.C. 06620 PARCELA 1, SUB LOTE A",989507254,16.35
MALA,RENSO & RUTH INVERSIONES ASOCIADAS S.A.C.,ANTIGUA PANAMERICANA SUR PARCELA UC 02547-A,,16.37
SAN ANTONIO,RENSO & RUTH INVERSIONES ASOCIADAS S.A.C,"AV. LIBERTAD MZ. F, LOTE 17.",,16.37
IMPERIAL,SERVICENTRO VIRGEN DE COCHARCAS S.A.C.,"URB. LOS LAURELES, MZ. A LT. N° 1",015897024/949809337,16.38
MALA,GENARA LIDA RODRIGUEZ RODRIGUEZ,AV MARCHAND S/N - PREDIO LA HUACA,,16.4
ASIA,ESTACION DE SERVICIOS SAN JOSE S.A.C.,KM. 98.20 AUTOPISTA PANAMERICANA SUR,,16.5
IMPERIAL,EMPRESA DE TRANSPORTES UNIDOS S.A.,"LOTIZACION PINO MZ. A LOTE 1, CENTRO POBLADO MENOR SAN ISIDRO",,16.5
QUILMANA,JESUS PRIMITIVO RUEDA CAYCHO,ESQUINA AV. LIMA CON JR. CALLAO,,16.55
ASIA,INVERSIONES SALCANI S.A.C.,"MANZANA A LOTES 1 AL 4, URB. LAS CASUARINAS DE ASIA",014978549/996396560/975359369,16.59
ASIA,ES ASIA COESTI PRIMAX,"CARRETERA PANAMERICANA SUR KM 97.5 LOTE 30, FUNDO LA QUERENCIA",5112033100/2080100/978920612,16.69
ASIA,ASIA GRIFOS Y SERVICIOS GENERALES S.A.C.,CARRETERA PANAMERICANA SUR KM. 97.5,936834861,16.69
QUILMANA,EMPRESA DE TRANSPORTES VIRGEN DE LA CANDELARIA S.A.,"CARRETERA IMPERIAL QUILMANA, KM. 12 PREDIO UC N° 10758A SECTOR 5 ESQUINAS",,16.69
ASIA,COESTI PRIMAX,CARRETERA PANAMERICANA SUR KM. 106 (SUR A NORTE) PREDIO B-SECTOR SARAPAMPA,012033100/012080100/978838700,16.69
QUILMANA,AR ENERGIA S.A.C.,CARRETERA IMPERIAL - QUILMANA S/N FUNDO HUAMAN DE LOS HEROES,959374819,16.69
SAN VICENTE DE CAÑETE,ESCOH S.A.C.,"AUTOPISTA IMPERIAL - SAN VICENTE (ALTURA KM. 4.00), AV. MARISCAL BENAVIDES SUB LOTE 1B",955108634,16.78
SAN VICENTE DE CAÑETE,PROYECTO INVERSIONES JM S.R.L.,AV. MARISCAL BENAVIDES N° 1399,,16.78
SAN VICENTE DE CAÑETE,GRIFOS ESPINOZA S.A.,"NUMERO DE PARCELA SUB LOTE A, CODIGO CATASTRAL SECTOR MONTALVAN, PROYECTO TERCER MUNDO VALLE CAÑETE",965948536,16.79
SAN LUIS,COESTI SA,PANAMERICANA SUR KM. 138 AV. 28 DE JULIO N 216,012080100/012033100/920812978,16.89
SAN VICENTE DE CAÑETE,MECHANIC PRO FUELS S.A.C.,AV. MARISCAL BENAVIDES N° 2433,012847620,16.98
MALA,INVERSIONES MALVELLIZ S.R.L.,AV. PANAMERICANA SUR NO. 630,963830360,16.99
SAN VICENTE DE CAÑETE,EMPRESA DE TRANSPORTES DE PASAJEROS DE SERVICIO RAPIDO SEÑOR DE LA ASCENCION DE CACHUY Nº 1 S.A.,CARRETERA PANAMERICANA SUR KM. 145,,16.99
NUEVO IMPERIAL,CARLOS ENRIQUE VICENTE HUAMAN,AV. VICTOR ANDRES BELAUNDE MZ. D2 LT. 1K PUEBLO NUEVO DE CONTA,,17.0
IMPERIAL,GAS STATION CHAUPIN S.A.C.,MZ I 2 H.U. URB. RESIDENCIAL VILLA VICENTE 3ERA ETAPA,,17.0
CERRO AZUL,EL FIEL INCOMPRENDIDO S.A.C.,"SUB LOTE A-1, SECTOR PAMPA LOS LOBOS, ALTUTRA KM. 130, CARRETERA PANAMERICANA SUR",,17.05
ASIA,COESTI S.A. PRIMAX,CARRETERA PANAMERICANA SUR KM. 106 (NORTE A SUR) PREDIO A SECTOR SARAPAMPA,012080100/012033100/978838700,17.09
CERRO AZUL,J.W. OLIVER S.A.C.,CARRETERA PANAMERICANA SUR KM. 127 - PAMPA LOS LOBOS,,17.19
SAN VICENTE DE CAÑETE,AUTOPASA EIRL,CARRETERA PANAMERICANA SUR KM. 142.5,975064338,17.4
CERRO AZUL,J.W. OLIVER S.A.C.,CARRETERA PANAMERICANA SUR KM. 127 - PAMPA LOS LOBOS,,16.3
CHILCA,ESTACION 715 PETRO CHILCA,"MZ. N, LOTE 02, ALTURA KM. 63.50 CARRETERA PANAMERICANA SUR LADO IZQUIERDO SENTIDO LIMA - CAÑETE",015342336,16.33
CHILCA,ESTACIÓN DE SERVICIOS PASO DE LOS ANDES S.A.C.,PANAMERICANA SUR KM. 57.4,012718701/012319499,16.33
MALA,GRUPO EMPRESARIAL NONATO E.I.R.L.,"CARRETERA PANAMERICANA SUR KM. 87.5 LOTE 01 ESQUINA CON PASAJE PALOMINO (UC 11676 SALITRE BUJAMA, SECTOR PAMPA BARCELONA)",,16.49
CERRO AZUL,AUTOSERVICIO CASA BLANCA S.A.C.,ANTIGUA PANAMERICANA SUR KM 134.5,965116086,16.5
CHILCA,ES CHILCA COESTI PRIMAX,AUTOPISTA PANAMERICANA SUR KM. 63.5,5112033100/012080100/987862400,16.59
IMPERIAL,EMPRESA DE TRANSPORTES UNIDOS S.A.,"LOTIZACION PINO MZ. A LOTE 1, CENTRO POBLADO MENOR SAN ISIDRO",,16.7
CERRO AZUL,COESTI S.A.,ALTURA DEL KM. 129.2 DE LA AUTOPISTA PANAMERICANA SUR,511996207533/5112033100/967906076,16.85
CERRO AZUL,SERVICENTRO CERRO AZUL E.I.R.L.,CARRETERA PANAMERICANA SUR KM. 129+400,982798205,16.85
IMPERIAL,ESTACION DE SERVICIOS MONTECRUZ S.A.C.,RESIDENCIAL VILLA VICENTE MZ. 'H2' LOTE 01 CARRETERA CAÑETE - YAUYOS,,16.88
IMPERIAL,COMPAÑIA DE COMBUSTIBLES DEL SUR S.A.C.,AV. VILLARREAL MZ. B LOTE. 33 ANEXO VILLARREAL,999083491,16.88
NUEVO IMPERIAL,EMPRESA DE TRANSPORTES IMPERIAL NUEVO IMPERIAL LA FLORIDA Nº 06 S.A.,"LOTIZACION EL CONDE, LOTE 1, PARCELA P-87-1",,16.88
MALA,RENSO & RUTH INVERSIONES ASOCIADAS S.A.C.,ANTIGUA PANAMERICANA SUR PARCELA UC 02547-A,,16.95
SAN ANTONIO,RENSO & RUTH INVERSIONES ASOCIADAS S.A.C,"AV. LIBERTAD MZ. F, LOTE 17.",,16.95
MALA,GRIFO KAREN & CAROL SOCIEDAD COMERCIAL DE RESPONSABILIDAD LIMITADA,AV. PANAMERICANA N° 352,015309662,16.95
ASIA,INVERSIONES SALCANI S.A.C.,"MANZANA A LOTES 1 AL 4, URB. LAS CASUARINAS DE ASIA",014978549/996396560/975359369,16.99
ASIA,ES ASIA COESTI PRIMAX,"CARRETERA PANAMERICANA SUR KM 97.5 LOTE 30, FUNDO LA QUERENCIA",5112033100/2080100/978920612,16.99
ASIA,ASIA GRIFOS Y SERVICIOS GENERALES S.A.C.,CARRETERA PANAMERICANA SUR KM. 97.5,936834861,16.99
IMPERIAL,ESTACION DE SERVICIOS VISTA ALEGRE E.I.R.L.,"LOTE SAN FRANCISCO A-1 SECTOR LA ALAMEDA, COOPERATIVA AGRARIA CERRO ALEGRE",,16.99
ASIA,ESTACION DE SERVICIOS SAN JOSE S.A.C.,KM. 98.20 AUTOPISTA PANAMERICANA SUR,,16.99
MALA,PRISER INVERSIONES S.A.C.,PREDIO RURAL MARCHAND SECTOR MALA CODIGO CATASTRAL 8-3208600-019052 PROYECTO PREDIOS DE MALA VALLE MALA,999228026,16.99
MALA,GRIFOSA SAC,CARRETERA PANAMERICANA SUR KM. 86.5,963764138/994602464,16.99
QUILMANA,AR ENERGIA S.A.C.,CARRETERA IMPERIAL - QUILMANA S/N FUNDO HUAMAN DE LOS HEROES,959374819,16.99
QUILMANA,JESUS PRIMITIVO RUEDA CAYCHO,ESQUINA AV. LIMA CON JR. CALLAO,,16.99
SAN VICENTE DE CAÑETE,COMBUSTIBLES ICA S.A.,CARRETERA PANAMERICANA SUR KM. 143,012661515,16.99
SAN LUIS,GRIFO CENTRAL SAC,AV. 28 DE JULIO N° 152,987803875,17.0
SAN ANTONIO,J.W. OLIVER S.A.C.,"PARCELA Nº 24, CODIGO CATASTRAL 11251 - PAMPA LA VIRGEN – SAN ANTONIO U. C. 11251 - P.O. 3141198 ALTURA CARRETERA PANAMERICANA SUR KM. 76.700",,17.01
QUILMANA,SERVICENTRO RUEDA,LT. 19 - 2 CINCO ESQUINAS - CARRETERA DE IMPERIAL A QUILMANA (EX ANTIGUA PANAMERICANA),955568924/955340720,17.05
NUEVO IMPERIAL,ESTACION DE SERVICIOS ROMA,"AV. CENTRO POBLADO PUEBLO NUEVO DE CONTA, AV. VICTOR ANDRES BELAUNDE MZ. X2 LOTE 6",947194433/955340720,17.1
QUILMANA,EMPRESA DE TRANSPORTES VIRGEN DE LA CANDELARIA S.A.,"CARRETERA IMPERIAL QUILMANA, KM. 12 PREDIO UC N° 10758A SECTOR 5 ESQUINAS",,17.1
ASIA,COESTI PRIMAX,CARRETERA PANAMERICANA SUR KM. 106 (SUR A NORTE) PREDIO B-SECTOR SARAPAMPA,012033100/012080100/978838700,17.15
SAN LUIS,COESTI SA,PANAMERICANA SUR KM. 138 AV. 28 DE JULIO N 216,012080100/012033100/920812978,17.19
MALA,SOLIER REYNOSO RAUL HUMBERTO,"PARCELA 101A, UC 12167, LOTES 12 AL 6 PROYECTO SAN PEDRO DE MALA, SECTOR BUJAMA",,17.19
MALA,GENARA LIDA RODRIGUEZ RODRIGUEZ,AV MARCHAND S/N - PREDIO LA HUACA,,17.2
NUEVO IMPERIAL,TURKEZA7 E.I.R.L.,AUTOPISTA ROMA 52 S/N CRUCE CON CAMINO A RINCONADA,933812537/926359373,17.26
SAN VICENTE DE CAÑETE,SILVIA AMANDA DIAZ CALDERON,CARRETERA PANAMERICANA SUR KM. 144.5,932110580,17.29
CERRO AZUL,EL FIEL INCOMPRENDIDO S.A.C.,"SUB LOTE A-1, SECTOR PAMPA LOS LOBOS, ALTUTRA KM. 130, CARRETERA PANAMERICANA SUR",,17.29
ASIA,COESTI S.A. PRIMAX,CARRETERA PANAMERICANA SUR KM. 106 (NORTE A SUR) PREDIO A SECTOR SARAPAMPA,012080100/012033100/978838700,17.29
SAN VICENTE DE CAÑETE,ESTACION SR DE LA ASCESION DE CACHUY SAC,CARRETERA PANAMERICANA SUR KM. 145.25,949862589,17.29
SAN VICENTE DE CAÑETE,GRIFOS ESPINOZA S.A.,"NUMERO DE PARCELA SUB LOTE A, CODIGO CATASTRAL SECTOR MONTALVAN, PROYECTO TERCER MUNDO VALLE CAÑETE",965948536,17.29
SAN VICENTE DE CAÑETE,REPRESENTACIONES FLORENCIO S.A.C.,CARRETERA PANAMERICANA SUR KM. 148.4,017914118/017753342,17.3
IMPERIAL,SERVICENTRO VIRGEN DE COCHARCAS S.A.C.,"URB. LOS LAURELES, MZ. A LT. N° 1",015897024/949809337,17.3
SAN VICENTE DE CAÑETE,AUTOPASA EIRL,CARRETERA PANAMERICANA SUR KM. 142.5,975064338,17.3
CERRO AZUL,ESTACION CERRO AZUL S.A.C.,CARRETERA PANAMERICANA SUR KM. 133,014584556/997581945/989320309,17.49
NUEVO IMPERIAL,CARLOS ENRIQUE VICENTE HUAMAN,AV. VICTOR ANDRES BELAUNDE MZ. D2 LT. 1K PUEBLO NUEVO DE CONTA,,17.5
SAN VICENTE DE CAÑETE,ESCOH S.A.C.,"AUTOPISTA IMPERIAL - SAN VICENTE (ALTURA KM. 4.00), AV. MARISCAL BENAVIDES SUB LOTE 1B",955108634,17.78
SAN VICENTE DE CAÑETE,EMPRESA HUPESA S.A.C.,"AV. MARISCAL OSCAR R. BENAVIDES (AUTOPISTA SAN VICENTE - IMPERIAL), SECTOR EL CHILCAL U.C. 06620 PARCELA 1, SUB LOTE A",989507254,17.78
SAN VICENTE DE CAÑETE,PROYECTO INVERSIONES JM S.R.L.,AV. MARISCAL BENAVIDES N° 1399,,17.78
MALA,INVERSIONES MALVELLIZ S.R.L.,AV. PANAMERICANA SUR NO. 630,963830360,17.89
SAN VICENTE DE CAÑETE,MECHANIC PRO FUELS S.A.C.,AV. MARISCAL BENAVIDES N° 2433,012847620,17.98
CHANCAY,EMPRESA DE SERVICIOS Y TRANSPORTES EL NEGRO E.I.R.L.,MZ A LOTE 17 - SECTOR CHACARILLA CARRETERA PANAMERICANA KM 80.7,017654321/991531748,15.69
HUARAL,SHANDHIRA S.A.C.,"AUTOPISTA CHANCAY HUARAL, PREDIO DEL PUQUIO LOTE A",983043666/954131333,15.79
HUARAL,INVERSIONES JULIO III SAC,PARTE DE LA PARCELA U.C. 12131 MILAGROS BAJO - HUANDO,962711993/944570361,15.8
AUCALLAMA,COMERCIALIZADORA Y SERVICIOS DON MARCOS S.A.C.,VARIANTE AUTOPISTA HUARAL - LIMA KM. 09 SECTOR CARLINI,017913707/976724333/949545718,15.8
CHANCAY,INVERSIONES JULIO III SAC,"CARRETERA HUARAL - CHANCAY KM.2.7, PARCELA 92-A SECTOR TORRE BLANCA",962711993/994102235,15.8
HUARAL,GRIFOS SANTA MARIA,CARRETERA LIMA - HUARAL S/N JESUS DEL VALLE KM 2,999332098,15.99
HUARAL,GRIFO EL HUARANGAL EIRL,"CARRETERA HUARAL LT 11 SECTOR JESUS DEL VALLE, UC 10753",,15.99
AUCALLAMA,INVERSIONES Y NEGOCIOS HS S.A.C.,"PARCELA N° 71B SECTOR CARLINI, EX HACIENDA BOZA LTDA. N° 15",993235724,15.99
CHANCAY,AXEL GAS SAC,"PARCELA 41 –U.C. 02503, ALTURA KM 87+300 PANAMERICANA NORTE",,15.99
CHANCAY,GRIFOS SERPENTIN S.A.C.,CARRETERA PANAMERICANA NORTE KM. 85,995734132,15.99
HUARAL,TRANSPORTE CASSA E.I.R.L.,"PROLONG.AV. ESTACION S/N, LT.5, EX HACIENDA JESUS DEL VALLE",980071255,16.0
HUARAL,ESTACION DE SERVICIO SAN MARTIN,"ESQUINA AV. CIRCUNVALACION NORTE Y PROLONGACION MARISCAL CASTILLA MZ B LTS. 9, 10, 11 Y 12 HUARAL / HUARAL / LIMA",934817956,16.05
HUARAL,BIOCOMBUSTIBLES H2O S.A.C.,AV. CHANCAY NRO. 513,952174539/940444632,16.29
HUARAL,ESTACION DE SERVICIOS Y GASOCENTRO ESPERANZA SILYCARP INV SAC,AV. VICTORIA S/N,964657631/934817956,16.39
HUARAL,INVERSIONES ALABAZ,AV. CHANCHAY 101 - HUARAL (ESQUINA CON 2 DE MAYO),998198358,16.39
HUARAL,INVERSIONES REJU E.I.R.L.,"KM. 8.185, PISTA HUARAL - VARIANTE PASAMAYO",012466062,16.49
HUARAL,NEGOCIACIONES CMC D' HUARAL S.A.C.,"AV. HUANDO S/N MZ. A, LOTE 1, LAS DELICIAS",012464677/015483536,16.5
AUCALLAMA,ESTACION DE SERVICIOS GRIFO DENVER SRL,CARRETERA PANAMERICANA NORTE KM 66 PASAMAYO,,16.59
AUCALLAMA,SERVICENTRO PASAMAYO S.A.C.,"CARRETERA PANAMERICANA NORTE KM 66, SECTOR “A”, PASAMAYO",015502618/995622427/946180584,16.65
CHANCAY,CORPORACION OIL GEMS SOCIEDAD ANONIMA CERRADA - CORPORACION OIL GEMS S.A.C.,CARRETERA PANAMERICANA NORTE KM 97.20,,16.69
HUARAL,CONSULTORA NORQUEENS S.A.C.,LOTIZADORA SEÑOR DE LOS MILAGROS MZ. B LTS. 26 Y 27,012462764,16.75
AUCALLAMA,SERVICENTRO AGUKI NORTE S.A. - AGUKI NORTE S.A.,ALTURA DEL KM 74 DE LA CARRETERA ANTIGUA PANAMERICANA NORTE – PREDIO RURAL CHACRA Y MAR,,16.89
HUARAL,ESTACION DE SERVICIOS GRIFO DENVER S.R.L.,ESQ. AV. CIRCUNVALACION SUR Y PROLONGACION LOS ANGELES,,16.99
CHANCAY,ESTACION DE SERVICIOS GRIFO MASTER SRL,"CARRETERA PANAMERICANA NORTE KM. 86.3, PARCELA 60-A PREDIO LAURE NORTE Y LAURE SUR",,16.99
HUARAL,GRIFO PIERINA,IRRIGACION LA ESPERANZA - SECTOR LA VIRGEN - LOTE N° 5-C,976482520/998227119,17.29
HUARAL,JULIAN ROSARIO DIAZ ALVA,CARRETERA CHANCAY KM 7.35,012460080/996673021/982089092,17.79
CHANCAY,DACOR GAS S.A.C.,CARRETERA PANAMERICANA NORTE KM. 84,977175106/927041300,17.79
CHANCAY,ALRESA S.A.,AV. ROOSEVELT N° 502,945938913,17.8
CHANCAY,G CELESTE S.A.C.,CARRETERA PANAMERICANA NORTE KM. 87.5,015720544/960932192/991949291,17.83
AUCALLAMA,AUCALLAMAS SAC,CARRETERA PANAMERICANA NORTE KM. 75.1,01976484997/01976301977,17.9
CHANCAY,COESTI S.A.,CARRETERA PANAMERICANA NORTE KM 90.30,5012080100/2033100/978829055,17.99
HUARAL,COESTI S.A.,AV. CHANCAY S/N ESQUINA CON CALLE 3 DE OCTUBRE,012033100/012080100/978845456,17.99
CHANCAY,COESTI S.A,CARRETERA PANAMERICANA NORTE KM. 84.9,012080100/012033100/978835820,17.99
HUARAL,JUSTO CESAR AYBAR BELLIDO,AV. CIRCUNVALACION Y AV. LOS NATURALES,959603474/985572412,17.99
HUARAL,REPSOL COMERCIAL S.A.C.,AV. CHANCAY S/N Y JULIO C. TELLO URBANIZACION EL ROSARIO,012461115,18.25
HUARAL,COESTI S.A,CALLE DERECHA N° 898 (CALLE DERECHA CUADRA 9 ESQ. CAMAL VIEJO),012033100/012080100/978837753,18.29
AUCALLAMA,LUBRICENTRO AUCALLAMA S.A.C.,"PARCELA 49, PROYECTO SAN JOSE DE MIRAFLORES",,18.49
CHANCAY,GLOBAL FUEL SOCIEDAD ANONIMA,CARRETERA PANAMERICANA NORTE KM 85.5,013771137,18.89
CHANCAY,REPSOL COMERCIAL S.A.C.,CARRETERA PANAMERICANA NORTE KM.82,013771001/013771530,18.99
CHANCAY,REPSOL COMERCIAL S.A.C.,"CARRETERA PANAMERICANA NORTE KM. 77.5, FUNDO LAS SALINAS",013772721/999622419,18.99
CHANCAY,CORPORACION RIO BRANCO S A,"CARRETERA PANAMERICANA NORTE KM. 92.5, MZ. A, LOTE 13, POBLADO 4 DE JUNIO, CHANCAYLLO.",013883991/996689174,19.6
HUARAL,INVERSIONES JULIO III SAC,PARTE DE LA PARCELA U.C. 12131 MILAGROS BAJO - HUANDO,962711993/944570361,14.69
CHANCAY,INVERSIONES JULIO III SAC,"CARRETERA HUARAL - CHANCAY KM.2.7, PARCELA 92-A SECTOR TORRE BLANCA",962711993/994102235,14.69
CHANCAY,EMPRESA DE SERVICIOS Y TRANSPORTES EL NEGRO E.I.R.L.,MZ A LOTE 17 - SECTOR CHACARILLA CARRETERA PANAMERICANA KM 80.7,017654321/991531748,14.69
HUARAL,TRANSPORTE CASSA E.I.R.L.,"PROLONG.AV. ESTACION S/N, LT.5, EX HACIENDA JESUS DEL VALLE",980071255,14.75
HUARAL,SHANDHIRA S.A.C.,"AUTOPISTA CHANCAY HUARAL, PREDIO DEL PUQUIO LOTE A",983043666/954131333,14.79
AUCALLAMA,COMERCIALIZADORA Y SERVICIOS DON MARCOS S.A.C.,VARIANTE AUTOPISTA HUARAL - LIMA KM. 09 SECTOR CARLINI,017913707/976724333/949545718,14.8
CHANCAY,GRIFOS SERPENTIN S.A.C.,CARRETERA PANAMERICANA NORTE KM. 85,995734132,14.99
CHANCAY,AXEL GAS SAC,"PARCELA 41 –U.C. 02503, ALTURA KM 87+300 PANAMERICANA NORTE",,14.99
AUCALLAMA,INVERSIONES Y NEGOCIOS HS S.A.C.,"PARCELA N° 71B SECTOR CARLINI, EX HACIENDA BOZA LTDA. N° 15",993235724,14.99
HUARAL,GRIFOS SANTA MARIA,CARRETERA LIMA - HUARAL S/N JESUS DEL VALLE KM 2,999332098,14.99
HUARAL,GRIFO EL HUARANGAL EIRL,"CARRETERA HUARAL LT 11 SECTOR JESUS DEL VALLE, UC 10753",,15.0
HUARAL,ROLEMAX,LOTIZADORA ISMAEL COLAN MZ E LOTES 8 Y 9,983950286,15.0
HUARAL,ESTACION DE SERVICIO SAN MARTIN,"ESQUINA AV. CIRCUNVALACION NORTE Y PROLONGACION MARISCAL CASTILLA MZ B LTS. 9, 10, 11 Y 12 HUARAL / HUARAL / LIMA",934817956,15.05
HUARAL,BIOCOMBUSTIBLES H2O S.A.C.,AV. CHANCAY NRO. 513,952174539/940444632,15.09
HUARAL,INVERSIONES ALABAZ,AV. CHANCHAY 101 - HUARAL (ESQUINA CON 2 DE MAYO),998198358,15.29
HUARAL,INVERSIONES REJU E.I.R.L.,"KM. 8.185, PISTA HUARAL - VARIANTE PASAMAYO",012466062,15.29
HUARAL,INVERSIONES Y REPRESENTACIONES EGAR S.A.C.,PARCELA 42 EX FUNDO HUERTO ESQUIVEL (AV. CHANCAY KM. 8),012502164/920659824,15.35
HUARAL,ESTACION DE SERVICIOS Y GASOCENTRO ESPERANZA SILYCARP INV SAC,AV. VICTORIA S/N,964657631/934817956,15.39
HUARAL,NEGOCIACIONES CMC D' HUARAL S.A.C.,"AV. HUANDO S/N MZ. A, LOTE 1, LAS DELICIAS",012464677/015483536,15.5
HUARAL,ESTACION DE SERVICIOS GRIFO DENVER S.R.L.,ESQ. AV. CIRCUNVALACION SUR Y PROLONGACION LOS ANGELES,,15.59
AUCALLAMA,SERVICENTRO PASAMAYO S.A.C.,"CARRETERA PANAMERICANA NORTE KM 66, SECTOR “A”, PASAMAYO",015502618/995622427/946180584,15.65
AUCALLAMA,ESTACION DE SERVICIOS GRIFO DENVER SRL,CARRETERA PANAMERICANA NORTE KM 66 PASAMAYO,,15.69
HUARAL,CONSULTORA NORQUEENS S.A.C.,LOTIZADORA SEÑOR DE LOS MILAGROS MZ. B LTS. 26 Y 27,012462764,15.75
CHANCAY,CORPORACION OIL GEMS SOCIEDAD ANONIMA CERRADA - CORPORACION OIL GEMS S.A.C.,CARRETERA PANAMERICANA NORTE KM 97.20,,15.79
AUCALLAMA,SERVICENTRO AGUKI NORTE S.A. - AGUKI NORTE S.A.,ALTURA DEL KM 74 DE LA CARRETERA ANTIGUA PANAMERICANA NORTE – PREDIO RURAL CHACRA Y MAR,,15.79
CHANCAY,ALRESA S.A.,AV. ROOSEVELT N° 502,945938913,15.8
CHANCAY,DACOR GAS S.A.C.,CARRETERA PANAMERICANA NORTE KM. 84,977175106/927041300,15.9
HUARAL,JULIAN ROSARIO DIAZ ALVA,CARRETERA CHANCAY KM 7.35,012460080/996673021/982089092,15.99
HUARAL,COESTI S.A.,AV. CHANCAY S/N ESQUINA CON CALLE 3 DE OCTUBRE,012033100/012080100/978845456,15.99
HUARAL,JUSTO CESAR AYBAR BELLIDO,AV. CIRCUNVALACION Y AV. LOS NATURALES,959603474/985572412,15.99
CHANCAY,ESTACION DE SERVICIOS GRIFO MASTER SRL,"CARRETERA PANAMERICANA NORTE KM. 86.3, PARCELA 60-A PREDIO LAURE NORTE Y LAURE SUR",,15.99
HUARAL,REPSOL COMERCIAL S.A.C.,AV. CHANCAY S/N Y JULIO C. TELLO URBANIZACION EL ROSARIO,012461115,16.25
HUARAL,GRIFO PIERINA,IRRIGACION LA ESPERANZA - SECTOR LA VIRGEN - LOTE N° 5-C,976482520/998227119,16.39
HUARAL,COESTI S.A,CALLE DERECHA N° 898 (CALLE DERECHA CUADRA 9 ESQ. CAMAL VIEJO),012033100/012080100/978837753,16.39
CHANCAY,COESTI S.A,CARRETERA PANAMERICANA NORTE KM. 84.9,012080100/012033100/978835820,16.49
CHANCAY,COESTI S.A.,CARRETERA PANAMERICANA NORTE KM 90.30,5012080100/2033100/978829055,16.49
CHANCAY,G CELESTE S.A.C.,CARRETERA PANAMERICANA NORTE KM. 87.5,015720544/960932192/991949291,16.73
AUCALLAMA,AUCALLAMAS SAC,CARRETERA PANAMERICANA NORTE KM. 75.1,01976484997/01976301977,16.8
CHANCAY,GLOBAL FUEL SOCIEDAD ANONIMA,CARRETERA PANAMERICANA NORTE KM 85.5,013771137,16.89
AUCALLAMA,MARBELLA PERU S.A.C,PARCELA 34 LT B1 - SECTOR CHACRA Y MAR - PASAMAYO,,16.99
AUCALLAMA,LUBRICENTRO AUCALLAMA S.A.C.,"PARCELA 49, PROYECTO SAN JOSE DE MIRAFLORES",,16.99
CHANCAY,REPSOL COMERCIAL S.A.C.,CARRETERA PANAMERICANA NORTE KM.82,013771001/013771530,17.59
CHANCAY,REPSOL COMERCIAL S.A.C.,"CARRETERA PANAMERICANA NORTE KM. 77.5, FUNDO LAS SALINAS",013772721/999622419,17.59
AUCALLAMA,SERVICIOS JAYLU PERU E.I.R.L.,PARCELA 113-B BARRIO SAN JOSE S/N PALPA,017979690,17.9
CHANCAY,CORPORACION RIO BRANCO S A,"CARRETERA PANAMERICANA NORTE KM. 92.5, MZ. A, LOTE 13, POBLADO 4 DE JUNIO, CHANCAYLLO.",013883991/996689174,17.99
HUARAL,ROLEMAX,LOTIZADORA ISMAEL COLAN MZ E LOTES 8 Y 9,983950286,16.5
CHANCAY,AXEL GAS SAC,"PARCELA 41 –U.C. 02503, ALTURA KM 87+300 PANAMERICANA NORTE",,15.88
CHANCAY,EMPRESA DE SERVICIOS Y TRANSPORTES EL NEGRO E.I.R.L.,MZ A LOTE 17 - SECTOR CHACARILLA CARRETERA PANAMERICANA KM 80.7,017654321/991531748,15.89
AUCALLAMA,COMERCIALIZADORA Y SERVICIOS DON MARCOS S.A.C.,VARIANTE AUTOPISTA HUARAL - LIMA KM. 09 SECTOR CARLINI,017913707/976724333/949545718,15.9
CHANCAY,CORPORACION RIO BRANCO S A,"CARRETERA PANAMERICANA NORTE KM. 92.5, MZ. A, LOTE 13, POBLADO 4 DE JUNIO, CHANCAYLLO.",013883991/996689174,15.99
CHANCAY,INVERSIONES JULIO III SAC,"CARRETERA HUARAL - CHANCAY KM.2.7, PARCELA 92-A SECTOR TORRE BLANCA",962711993/994102235,15.99
HUARAL,INVERSIONES JULIO III SAC,PARTE DE LA PARCELA U.C. 12131 MILAGROS BAJO - HUANDO,962711993/944570361,15.99
CHANCAY,GRIFOS SERPENTIN S.A.C.,CARRETERA PANAMERICANA NORTE KM. 85,995734132,15.99
AUCALLAMA,MARBELLA PERU S.A.C,PARCELA 34 LT B1 - SECTOR CHACRA Y MAR - PASAMAYO,,16.08
CHANCAY,CORPORACION OIL GEMS SOCIEDAD ANONIMA CERRADA - CORPORACION OIL GEMS S.A.C.,CARRETERA PANAMERICANA NORTE KM 97.20,,16.09
CHANCAY,G CELESTE S.A.C.,CARRETERA PANAMERICANA NORTE KM. 87.5,015720544/960932192/991949291,16.09
AUCALLAMA,SERVICENTRO AGUKI NORTE S.A. - AGUKI NORTE S.A.,ALTURA DEL KM 74 DE LA CARRETERA ANTIGUA PANAMERICANA NORTE – PREDIO RURAL CHACRA Y MAR,,16.09
AUCALLAMA,SERVICENTRO PASAMAYO S.A.C.,"CARRETERA PANAMERICANA NORTE KM 66, SECTOR “A”, PASAMAYO",015502618/995622427/946180584,16.09
AUCALLAMA,ESTACION DE SERVICIOS GRIFO DENVER SRL,CARRETERA PANAMERICANA NORTE KM 66 PASAMAYO,,16.19
CHANCAY,ESTACION DE SERVICIOS GRIFO MASTER SRL,"CARRETERA PANAMERICANA NORTE KM. 86.3, PARCELA 60-A PREDIO LAURE NORTE Y LAURE SUR",,16.19
HUARAL,ESTACION DE SERVICIOS Y GASOCENTRO ESPERANZA SILYCARP INV SAC,AV. VICTORIA S/N,964657631/934817956,16.25
CHANCAY,COESTI S.A,CARRETERA PANAMERICANA NORTE KM. 84.9,012080100/012033100/978835820,16.29
HUARAL,BIOCOMBUSTIBLES H2O S.A.C.,AV. CHANCAY NRO. 513,952174539/940444632,16.29
HUARAL,ESTACION DE SERVICIOS GRIFO DENVER S.R.L.,ESQ. AV. CIRCUNVALACION SUR Y PROLONGACION LOS ANGELES,,16.29
HUARAL,ESTACION DE SERVICIO SAN MARTIN,"ESQUINA AV. CIRCUNVALACION NORTE Y PROLONGACION MARISCAL CASTILLA MZ B LTS. 9, 10, 11 Y 12 HUARAL / HUARAL / LIMA",934817956,16.29
CHANCAY,COESTI S.A.,CARRETERA PANAMERICANA NORTE KM 90.30,5012080100/2033100/978829055,16.29
HUARAL,ROLEMAX,LOTIZADORA ISMAEL COLAN MZ E LOTES 8 Y 9,983950286,16.3
HUARAL,GRIFOS SANTA MARIA,CARRETERA LIMA - HUARAL S/N JESUS DEL VALLE KM 2,999332098,16.33
HUARAL,GRIFO EL HUARANGAL EIRL,"CARRETERA HUARAL LT 11 SECTOR JESUS DEL VALLE, UC 10753",,16.35
HUARAL,CONSULTORA NORQUEENS S.A.C.,LOTIZADORA SEÑOR DE LOS MILAGROS MZ. B LTS. 26 Y 27,012462764,16.35
HUARAL,INVERSIONES ALABAZ,AV. CHANCHAY 101 - HUARAL (ESQUINA CON 2 DE MAYO),998198358,16.39
HUARAL,SHANDHIRA S.A.C.,"AUTOPISTA CHANCAY HUARAL, PREDIO DEL PUQUIO LOTE A",983043666/954131333,16.39
HUARAL,INVERSIONES REJU E.I.R.L.,"KM. 8.185, PISTA HUARAL - VARIANTE PASAMAYO",012466062,16.39
AUCALLAMA,AUCALLAMAS SAC,CARRETERA PANAMERICANA NORTE KM. 75.1,01976484997/01976301977,16.5
HUARAL,INVERSIONES Y REPRESENTACIONES EGAR S.A.C.,PARCELA 42 EX FUNDO HUERTO ESQUIVEL (AV. CHANCAY KM. 8),012502164/920659824,16.55
HUARAL,COESTI S.A,CALLE DERECHA N° 898 (CALLE DERECHA CUADRA 9 ESQ. CAMAL VIEJO),012033100/012080100/978837753,16.69
HUARAL,JULIAN ROSARIO DIAZ ALVA,CARRETERA CHANCAY KM 7.35,012460080/996673021/982089092,16.73
HUARAL,NEGOCIACIONES CMC D' HUARAL S.A.C.,"AV. HUANDO S/N MZ. A, LOTE 1, LAS DELICIAS",012464677/015483536,16.79
HUARAL,COESTI S.A.,AV. CHANCAY S/N ESQUINA CON CALLE 3 DE OCTUBRE,012033100/012080100/978845456,16.85
AUCALLAMA,INVERSIONES Y NEGOCIOS HS S.A.C.,"PARCELA N° 71B SECTOR CARLINI, EX HACIENDA BOZA LTDA. N° 15",993235724,16.89
CHANCAY,DACOR GAS S.A.C.,CARRETERA PANAMERICANA NORTE KM. 84,977175106/927041300,16.9
HUARAL,TRANSPORTE CASSA E.I.R.L.,"PROLONG.AV. ESTACION S/N, LT.5, EX HACIENDA JESUS DEL VALLE",980071255,16.9
CHANCAY,ALRESA S.A.,AV. ROOSEVELT N° 502,945938913,16.95
HUARAL,JUSTO CESAR AYBAR BELLIDO,AV. CIRCUNVALACION Y AV. LOS NATURALES,959603474/985572412,16.99
CHANCAY,REPSOL COMERCIAL S.A.C.,CARRETERA PANAMERICANA NORTE KM.82,013771001/013771530,16.99
CHANCAY,REPSOL COMERCIAL S.A.C.,"CARRETERA PANAMERICANA NORTE KM. 77.5, FUNDO LAS SALINAS",013772721/999622419,16.99
AUCALLAMA,SERVICIOS JAYLU PERU E.I.R.L.,PARCELA 113-B BARRIO SAN JOSE S/N PALPA,017979690,17.1
HUARAL,GRIFO PIERINA,IRRIGACION LA ESPERANZA - SECTOR LA VIRGEN - LOTE N° 5-C,976482520/998227119,17.19
CHANCAY,GLOBAL FUEL SOCIEDAD ANONIMA,CARRETERA PANAMERICANA NORTE KM 85.5,013771137,17.39
HUARAL,REPSOL COMERCIAL S.A.C.,AV. CHANCAY S/N Y JULIO C. TELLO URBANIZACION EL ROSARIO,012461115,17.49
AUCALLAMA,LUBRICENTRO AUCALLAMA S.A.C.,"PARCELA 49, PROYECTO SAN JOSE DE MIRAFLORES",,17.49
RICARDO PALMA,SAN PEDRO COMBUSTIBLES S.R.L.,CARRETERA CENTRAL KM 44.1 - SECTOR CUPICHE,996186824,15.55
SANTA CRUZ DE COCACHACRA,GRIFO SAN ROQUE,"AV. NICOLAS DE PIEROLA SUR, LOTE 2A, SECTOR PURHUAY, ALTURA DEL KM 47.100 DE LA CARRETERA CENTRAL",987237766/967474968,15.7
RICARDO PALMA,INVERSIONES E INDUSTRIAS MIRFER S.A.C.,KILOMETRO 42.200 CARRETERA CENTRAL,920046800,15.79
SAN ANTONIO,ESTACION DE SERVICIOS EPYSA S.A.C.,"AV. INCA PACHACUTEC YUPANQUI ESQ. CON LA AV. HUAYNA CAPAC, MZ. AW, LOTE 9, SUB LOTE A, SECTOR CERCADO DE LA COMUNIDAD CAMPESINA DE JICAMARCA, ANEXO 22",,15.9
SANTA CRUZ DE COCACHACRA,MEGA ESTACION DE SERVICIOS INVERSOL S.A.,"AV. NICOLAS DE PIEROLA SUR, CORCONA KM. 48 - CARRETERA CENTRAL",994979790/950205390,15.99
SANTA CRUZ DE COCACHACRA,CONSORCIO PETRO CENTRAL S.A.C.,"AV. NICOLAS AYLLON, MZ P, LOTE 4. CARRETERA CENTRAL KM 52.800",012440154,16.09
SANTA CRUZ DE COCACHACRA,ESTACIÓN DE SERVICIO CORCONA S.A.C.,AV. NICOLAS DE PIEROLA SUR N° 3404 C.P.C. POB. CORCONA,017048847/964683361,16.39
RICARDO PALMA,EE.SS. SOL Y CAMPO,KM. 46.00 DE LA CARRETERA CENTRAL LIMA-LA OROYA SECTOR CUPICHE,957591719,16.39
SANTA EULALIA,PRIMAX STA EULALIA,AV. SAN MARTIN CRUCE CON AV. SIMON BOLIVAR,947681789,16.89
SAN ANTONIO,SERVICENTRO JICAMARCA,"AV. PACHACUTEC S/N MZ AÑ LOTE 11 Y 12 SECTOR CERCADO, PAMPA CANTO GRANDE",965352546/950959224,16.89
SANTA EULALIA,PETRO REAL GAS E.I.R.L.,AV. SIMON BOLIVAR Nº 1080 - 1170,,17.55
SAN ANTONIO,GARODI S.R.L.,"AV. PACHACUTEC S/N (PROLONGACIÓN WIESE), MZ. C, LOTES 1, 2 Y 3, COMUNIDAD CAMPESINA JICAMARCA",013925949,17.59
SAN ANTONIO,SUMINISTROS PETROLEROS S.A.C.,"MZ. DN, LOTES 03,07, 8A, 8B, SECTOR EL PALOMAR, ANEXO 22",,17.59
SAN ANTONIO,GOLDEN SHOCK S.A.C.,"AV. SINCHI ROCA MZ. G LTE 9, ASOCIACIÓN DE POBLADORES DEL CERCADO DE LA COMUNIDAD CAMPESINA DE JICAMARCA ANEXO 22",998162067/998168977,17.66
SANTA CRUZ DE COCACHACRA,CONSORCIO ARIAS S.A.C.,AV. NICOLAS DE PIEROLA SUR N° 276,996187454/987949295,17.89
SANTA EULALIA,GRUPO JUSAT S.A.C.,"AV. BOLIVAR S/N, SUB LOTES 2 C3 (CARRETERA CENTRAL LIMA - LA OROYA KM. 37.5)",,17.89
SAN ANTONIO,FIDEL SULLCA HUAMAN,AV. TUPAC AMARU ESQUINA CON AV. LOS HEROES MZ CV LT 05 SECTOR EL VALLE DE LA COMUNIDAD CAMPESINA DE JICAMARCA ANEXO 22,,17.99
SAN ANTONIO,INVERSIONES M Y E S.A.C.,AV. UNION JICAMARCA CON JR. LAS FLORES MZ. J LT. 23,944578396/971760133,18.39
SAN ANTONIO,GRIFO A1,"AV. UNION MZ. Y2 LOTES 21 Y 22 JICAMARCA, ESQUINA JR. LOS OLIVOS",996201574,18.4
SAN ANTONIO,CORPORACION PERUANA DE COMERCIO Y SERVICIOS S.A.C.,"AV. UNION JICARMARCA S/N MZ. N2 LT. 09 Y 10, AGRUPACION DE POBLADORES SECTOR NORTE, PARTE ALTA, ANEXO 8",,18.99
SAN MATEO,DISTRIBUIDORA DE COMBUSTIBLE SAN MATEO S.R.L.,AV. LEGUIA N° 110,958120243/948229033,19.0
SANTA CRUZ DE COCACHACRA,COESTI S. A.,AV. NICOLAS DE PIEROLA SUR Nº 3021 (ALTURA DEL KM. 47.7 DE LA CARRETERA CENTRAL - CORCONA),012033100/990123493,19.19
MATUCANA,GRUPO CASSA SAC,CARRETERA CENTRAL KM. 77- CACACHAQUI,980912017/929682465,20.99
RICARDO PALMA,SAN PEDRO COMBUSTIBLES S.R.L.,CARRETERA CENTRAL KM 44.1 - SECTOR CUPICHE,996186824,14.55
SANTA CRUZ DE COCACHACRA,GRIFO SAN ROQUE,"AV. NICOLAS DE PIEROLA SUR, LOTE 2A, SECTOR PURHUAY, ALTURA DEL KM 47.100 DE LA CARRETERA CENTRAL",987237766/967474968,14.7
RICARDO PALMA,INVERSIONES E INDUSTRIAS MIRFER S.A.C.,KILOMETRO 42.200 CARRETERA CENTRAL,920046800,14.79
SANTA CRUZ DE COCACHACRA,MEGA ESTACION DE SERVICIOS INVERSOL S.A.,"AV. NICOLAS DE PIEROLA SUR, CORCONA KM. 48 - CARRETERA CENTRAL",994979790/950205390,14.99
SANTA CRUZ DE COCACHACRA,CONSORCIO PETRO CENTRAL S.A.C.,"AV. NICOLAS AYLLON, MZ P, LOTE 4. CARRETERA CENTRAL KM 52.800",012440154,15.09
SANTA CRUZ DE COCACHACRA,INVERSIONES SOL DE HUAYCAN S.A,"CARRETERA CENTRAL KM. 52-600, SANTA CRUZ DE COCACHACRA",994979790,15.39
SANTA CRUZ DE COCACHACRA,ESTACIÓN DE SERVICIO CORCONA S.A.C.,AV. NICOLAS DE PIEROLA SUR N° 3404 C.P.C. POB. CORCONA,017048847/964683361,15.39
RICARDO PALMA,EE.SS. SOL Y CAMPO,KM. 46.00 DE LA CARRETERA CENTRAL LIMA-LA OROYA SECTOR CUPICHE,957591719,15.39
SAN ANTONIO,SERVICENTRO JICAMARCA,"AV. PACHACUTEC S/N MZ AÑ LOTE 11 Y 12 SECTOR CERCADO, PAMPA CANTO GRANDE",965352546/950959224,15.88
SAN ANTONIO,FELIX MATOS CAMAC,AV. PACHACUTEC ESQ. LLOQUE YUPANQUI MZ. Z LOTE 9 ANEXO 22 PAMPA CANTO GRANDE JICAMARCA,,15.99
SANTA EULALIA,PRIMAX STA EULALIA,AV. SAN MARTIN CRUCE CON AV. SIMON BOLIVAR,947681789,15.99
SANTA EULALIA,GRUPO JUSAT S.A.C.,"AV. BOLIVAR S/N, SUB LOTES 2 C3 (CARRETERA CENTRAL LIMA - LA OROYA KM. 37.5)",,16.25
SAN ANTONIO,GARODI S.R.L.,"AV. PACHACUTEC S/N (PROLONGACIÓN WIESE), MZ. C, LOTES 1, 2 Y 3, COMUNIDAD CAMPESINA JICAMARCA",013925949,16.29
SAN ANTONIO,SUMINISTROS PETROLEROS S.A.C.,"MZ. DN, LOTES 03,07, 8A, 8B, SECTOR EL PALOMAR, ANEXO 22",,16.29
SANTA EULALIA,PETRO REAL GAS E.I.R.L.,AV. SIMON BOLIVAR Nº 1080 - 1170,,16.29
SAN ANTONIO,PAMELA MILAGROS VASQUEZ ROMERO DE ESPINOZA,"AV. TUPAC AMARU, COMUNIDAD CAMPESINA DE JICAMARCA ANEXO 22. PAMPAS DE CANTO GRANDE, MZ. CQ LOTE 1",,16.29
SAN ANTONIO,GASOCENTRO Y AUTOSERVICIOS REAL S.A.C.,MZ. AG LOTE 08 ANEXO 22 COMUNIDAD CAMPESINA JICAMARCA,017194669/948131637/999789226,16.29
SAN ANTONIO,GOLDEN SHOCK S.A.C.,"AV. SINCHI ROCA MZ. G LTE 9, ASOCIACIÓN DE POBLADORES DEL CERCADO DE LA COMUNIDAD CAMPESINA DE JICAMARCA ANEXO 22",998162067/998168977,16.39
SAN ANTONIO,FIDEL SULLCA HUAMAN,AV. TUPAC AMARU ESQUINA CON AV. LOS HEROES MZ CV LT 05 SECTOR EL VALLE DE LA COMUNIDAD CAMPESINA DE JICAMARCA ANEXO 22,,16.49
SANTA CRUZ DE COCACHACRA,CONSORCIO ARIAS S.A.C.,AV. NICOLAS DE PIEROLA SUR N° 276,996187454/987949295,16.79
SAN ANTONIO,ESTACION DE SERVICIOS EPYSA S.A.C.,"AV. INCA PACHACUTEC YUPANQUI ESQ. CON LA AV. HUAYNA CAPAC, MZ. AW, LOTE 9, SUB LOTE A, SECTOR CERCADO DE LA COMUNIDAD CAMPESINA DE JICAMARCA, ANEXO 22",,16.9
SAN ANTONIO,INVERSIONES M Y E S.A.C.,AV. UNION JICAMARCA CON JR. LAS FLORES MZ. J LT. 23,944578396/971760133,16.99
SAN ANTONIO,GRIFO A1,"AV. UNION MZ. Y2 LOTES 21 Y 22 JICAMARCA, ESQUINA JR. LOS OLIVOS",996201574,17.15
SANTA CRUZ DE COCACHACRA,ESTACION DE SERVICIOS SANTA CRUZ DE COCACHACRA SAC,AV. NICOLAS DE PIEROLA S/N CARRETERA CENTRAL KM. 52.8,01969183660,17.19
SANTA CRUZ DE COCACHACRA,COESTI S. A.,AV. NICOLAS DE PIEROLA SUR Nº 3021 (ALTURA DEL KM. 47.7 DE LA CARRETERA CENTRAL - CORCONA),012033100/990123493,17.29
SANTA EULALIA,SERVICENTRO GOYAS,FUNDO OLIVO - SECTOR PALLE VIEJO CÓDIGO CATASTRAL 01571 - AV. MARISCAL CASTILLA S/N,963103706,17.46
SAN ANTONIO,CORPORACION PERUANA DE COMERCIO Y SERVICIOS S.A.C.,"AV. UNION JICARMARCA S/N MZ. N2 LT. 09 Y 10, AGRUPACION DE POBLADORES SECTOR NORTE, PARTE ALTA, ANEXO 8",,17.59
SAN MATEO,DISTRIBUIDORA DE COMBUSTIBLE SAN MATEO S.R.L.,AV. LEGUIA N° 110,958120243/948229033,18.0
SANTO DOMINGO DE LOS OLLERO,EMPRESA DE SERVICIOS MULTIPLES EXPRESO PACHACAMINO S.A.C.,"MZ. B, LOTE 1A, VILLA JARDIN CUCUYA, SECTOR EL MANZANO (ESQUINA AV. SANTO DOMINGO Y AV. LOS MITOS)",,18.2
CUENCA,TRANSPORTES A & P YANAVILVA E.I.R.L.,"AV. PRINCIPAL ESQ. CON CALLE PORVENIR, C.P. SAN JOSÉ DE LOS CHORRILLOS",,19.5
MATUCANA,GRUPO CASSA SAC,CARRETERA CENTRAL KM. 77- CACACHAQUI,980912017/929682465,19.99
No existen registros.,No existen registros.,No existen registros.,No existen registros.,No existen registros.
RICARDO PALMA,INVERSIONES E INDUSTRIAS MIRFER S.A.C.,KILOMETRO 42.200 CARRETERA CENTRAL,920046800,15.49
RICARDO PALMA,SAN PEDRO COMBUSTIBLES S.R.L.,CARRETERA CENTRAL KM 44.1 - SECTOR CUPICHE,996186824,15.49
SANTA CRUZ DE COCACHACRA,GRIFO SAN ROQUE,"AV. NICOLAS DE PIEROLA SUR, LOTE 2A, SECTOR PURHUAY, ALTURA DEL KM 47.100 DE LA CARRETERA CENTRAL",987237766/967474968,15.5
SANTA CRUZ DE COCACHACRA,MEGA ESTACION DE SERVICIOS INVERSOL S.A.,"AV. NICOLAS DE PIEROLA SUR, CORCONA KM. 48 - CARRETERA CENTRAL",994979790/950205390,15.58
SANTA CRUZ DE COCACHACRA,ESTACIÓN DE SERVICIO CORCONA S.A.C.,AV. NICOLAS DE PIEROLA SUR N° 3404 C.P.C. POB. CORCONA,017048847/964683361,15.7
SANTA CRUZ DE COCACHACRA,INVERSIONES SOL DE HUAYCAN S.A,"CARRETERA CENTRAL KM. 52-600, SANTA CRUZ DE COCACHACRA",994979790,15.78
SANTA CRUZ DE COCACHACRA,CONSORCIO PETRO CENTRAL S.A.C.,"AV. NICOLAS AYLLON, MZ P, LOTE 4. CARRETERA CENTRAL KM 52.800",012440154,15.89
SANTA CRUZ DE COCACHACRA,COESTI S. A.,AV. NICOLAS DE PIEROLA SUR Nº 3021 (ALTURA DEL KM. 47.7 DE LA CARRETERA CENTRAL - CORCONA),012033100/990123493,15.99
SANTA CRUZ DE COCACHACRA,ESTACION DE SERVICIOS SANTA CRUZ DE COCACHACRA SAC,AV. NICOLAS DE PIEROLA S/N CARRETERA CENTRAL KM. 52.8,01969183660,16.09
SANTA CRUZ DE COCACHACRA,CONSORCIO ARIAS S.A.C.,AV. NICOLAS DE PIEROLA SUR N° 276,996187454/987949295,16.09
SAN ANTONIO,ESTACION DE SERVICIOS EPYSA S.A.C.,"AV. INCA PACHACUTEC YUPANQUI ESQ. CON LA AV. HUAYNA CAPAC, MZ. AW, LOTE 9, SUB LOTE A, SECTOR CERCADO DE LA COMUNIDAD CAMPESINA DE JICAMARCA, ANEXO 22",,16.25
SAN ANTONIO,SERVICENTRO JICAMARCA,"AV. PACHACUTEC S/N MZ AÑ LOTE 11 Y 12 SECTOR CERCADO, PAMPA CANTO GRANDE",965352546/950959224,16.29
SANTA EULALIA,PRIMAX STA EULALIA,AV. SAN MARTIN CRUCE CON AV. SIMON BOLIVAR,947681789,16.35
SAN ANTONIO,GOLDEN SHOCK S.A.C.,"AV. SINCHI ROCA MZ. G LTE 9, ASOCIACIÓN DE POBLADORES DEL CERCADO DE LA COMUNIDAD CAMPESINA DE JICAMARCA ANEXO 22",998162067/998168977,16.39
SANTA EULALIA,PETRO REAL GAS E.I.R.L.,AV. SIMON BOLIVAR Nº 1080 - 1170,,16.39
SANTA EULALIA,GRUPO JUSAT S.A.C.,"AV. BOLIVAR S/N, SUB LOTES 2 C3 (CARRETERA CENTRAL LIMA - LA OROYA KM. 37.5)",,16.48
RICARDO PALMA,EE.SS. SOL Y CAMPO,KM. 46.00 DE LA CARRETERA CENTRAL LIMA-LA OROYA SECTOR CUPICHE,957591719,16.59
SAN ANTONIO,GARODI S.R.L.,"AV. PACHACUTEC S/N (PROLONGACIÓN WIESE), MZ. C, LOTES 1, 2 Y 3, COMUNIDAD CAMPESINA JICAMARCA",013925949,16.79
SAN ANTONIO,GASOCENTRO Y AUTOSERVICIOS REAL S.A.C.,MZ. AG LOTE 08 ANEXO 22 COMUNIDAD CAMPESINA JICAMARCA,017194669/948131637/999789226,16.79
SAN ANTONIO,SUMINISTROS PETROLEROS S.A.C.,"MZ. DN, LOTES 03,07, 8A, 8B, SECTOR EL PALOMAR, ANEXO 22",,16.89
SAN ANTONIO,FIDEL SULLCA HUAMAN,AV. TUPAC AMARU ESQUINA CON AV. LOS HEROES MZ CV LT 05 SECTOR EL VALLE DE LA COMUNIDAD CAMPESINA DE JICAMARCA ANEXO 22,,16.89
SAN ANTONIO,GRIFO A1,"AV. UNION MZ. Y2 LOTES 21 Y 22 JICAMARCA, ESQUINA JR. LOS OLIVOS",996201574,16.99
SAN ANTONIO,PAMELA MILAGROS VASQUEZ ROMERO DE ESPINOZA,"AV. TUPAC AMARU, COMUNIDAD CAMPESINA DE JICAMARCA ANEXO 22. PAMPAS DE CANTO GRANDE, MZ. CQ LOTE 1",,16.99
SAN ANTONIO,FELIX MATOS CAMAC,AV. PACHACUTEC ESQ. LLOQUE YUPANQUI MZ. Z LOTE 9 ANEXO 22 PAMPA CANTO GRANDE JICAMARCA,,16.99
SANTA EULALIA,SERVICENTRO GOYAS,FUNDO OLIVO - SECTOR PALLE VIEJO CÓDIGO CATASTRAL 01571 - AV. MARISCAL CASTILLA S/N,963103706,17.35
SAN ANTONIO,INVERSIONES M Y E S.A.C.,AV. UNION JICAMARCA CON JR. LAS FLORES MZ. J LT. 23,944578396/971760133,17.39
SAN ANTONIO,CORPORACION PERUANA DE COMERCIO Y SERVICIOS S.A.C.,"AV. UNION JICARMARCA S/N MZ. N2 LT. 09 Y 10, AGRUPACION DE POBLADORES SECTOR NORTE, PARTE ALTA, ANEXO 8",,17.69
MATUCANA,GRUPO CASSA SAC,CARRETERA CENTRAL KM. 77- CACACHAQUI,980912017/929682465,17.9
SAN MATEO,DISTRIBUIDORA DE COMBUSTIBLE SAN MATEO S.R.L.,AV. LEGUIA N° 110,958120243/948229033,18.0
CUENCA,TRANSPORTES A & P YANAVILVA E.I.R.L.,"AV. PRINCIPAL ESQ. CON CALLE PORVENIR, C.P. SAN JOSÉ DE LOS CHORRILLOS",,18.0
SANTO DOMINGO DE LOS OLLERO,EMPRESA DE SERVICIOS MULTIPLES EXPRESO PACHACAMINO S.A.C.,"MZ. B, LOTE 1A, VILLA JARDIN CUCUYA, SECTOR EL MANZANO (ESQUINA AV. SANTO DOMINGO Y AV. LOS MITOS)",,18.59
VEGUETA,AXEL ENERGY S.A.C.,CARRETERA PANAMERICANA NORTE KM 162+809 - SECTOR MIRAMAR,992414755,16.99
VEGUETA,ESTACION DE SERVICIOS SAN BLAS S.A.C,"CARRETERA PANAMERICANA NORTE, PARCELA 45A, SECTOR LA CHILAMPA",921336265,16.99
VEGUETA,M Y R REY COMBUSTIBLES SRL,PANAMERICANA NORTE KM. 167 + 400 METROS - SAN FELIPE,992474353/946584058,17.49
HUAURA,GLADYS ISABEL AGUERO AMADO,AV. PERU S/N CARRETERA HUAURA SAYAN KM 21.5 CENTRO POBLADO MENOR DE HUMAYA,983129377,17.59
VEGUETA,ESTACION DE SERVICIOS LOBITOS SERVICE S.A.C.,"CARRETERA PANAMERICANA NORTE KM. 169.00-EX FUNDO LOS OLIVOS, IRRIGACION SAN FELIPE LOTE 02 MEDIO MUNDO",979428786/989568266,17.85
VEGUETA,ESTACION DE SERVICIOS NJK S.A.C.,AV. LAS AMERICAS N° 831 - PANAMERICANA NORTE KM 158,012321156/012322783,17.99
SANTA MARIA,ESTACION DE SERVICIOS MAROS S.A.C,AV. CENTENARIO S/N ESQ. CON CALLE CEFERINO RAMIREZ,,17.99
SANTA MARIA,GRIFOS ESPINOZA S.A.,SECTOR AGUA DULCE - LOTE 01,017080700/981262114,17.99
HUALMAY,DIESEL MAX S.R.L.,AV. CRUZ BLANCA N° 996 ANTIGUA CARRETERA PANAMERICANA NORTE KM. 151 + 345,966406426,18.1
HUACHO,PCS SERVICIOS Y REPRESENTACIONES DIVERSAS SAC,CALLE LEONCIO PRADO N° 125,,18.1
VEGUETA,TRANSPCOM MAX E.I.R.L.,CARRETERA MAZO - VEGUETA S/N,981217020,18.1
SAYAN,ESTACION DE SERVICIOS ANDAHUASI S.A.C.,"AV, HUAURA-SAYAN LOTE 100 ESQ CON CALLE SANTIAGO CORNEJO LOPEZ CP SAN JUAN DE CAÑAS",012357980/998258868/996139579,18.1
SAYAN,MULTISERVICIOS EL TRIANGULO,CARRETERA HUAURA – SAYAN KM. 42,953729737/967752045,18.1
HUAURA,SERVICENTRO PETRO HUAURA S.A.C.,"CARRETERA HUAURA-SAYAN, KM.3.755, CASERIO DESAGRAVIO, U.C. 10612, SUB PARCELA B",013580150,18.11
SAYAN,ESTACION DE SERVICIOS MARIVEA E.I.R.L.,"CALLE LOS PATRIOTAS S/N, MZ. I, LOTES 37, 38, 39, 40 Y 41",017390302/987488526/977161271,18.25
SANTA MARIA,MAHANAIM HUACHO S.A.C.,AV. PANAMERICANA NORTE N° 1900-1902-1920-1924-1930,016584860/997282843/941102507,18.27
SANTA MARIA,INVERSIONES HECA S.A.C.,AV. TUPAC AMARU Nº 598,,18.29
SANTA MARIA,ESTACION DE SERVICIOS RIMEER EIRL,AV. CENTENARIO S/N - BARRIO SAN LORENZO,013413528/963760568/963760571,18.3
HUAURA,ESTACIONES DE SERVICIO MERLY EIRL,CARRETERA PANAMERICANA NORTE KM. 154,013413528/963760568,18.3
HUALMAY,ESTACION DE SERVICIOS LI S.A.C.,NUEVA PISTA HUACHO - CARQUIN S/N. SECTOR CAMPO ALEGRE,012321156/012321156,18.36
HUACHO,TRANSFUELS LIPER E.I.R.L.,"AV. SAN MARTIN Nº 157, 163, 165 Y 169",,18.36
SANTA MARIA,ESTACIÓN DE SERVICIOS LI S.A.C.,"CARRETERA PANAMERICANA NORTE N° 990, BARRIO VALDIVIA",963867723/981086617,18.36
HUALMAY,ESTACION DE SERVICIOS HUAURA S.A.C.,"CARRETERA PANAMERICANA NORTE KM. 145, ESQUINA CON AV. PERALVILLO N° 2649",015215769/982597433/988009137,18.37
HUALMAY,GRIFO BARRANCA VIP S.A.C.,AV. DOMINGO MANDAMIENTO N° 1098 CON AV. CRUZ BLANCA,941564560/941562679,18.37
SANTA MARIA,ESTACIÓN DE SERVICIOS SAN JOSÉ S.A.C - HUACHO,CARRETERA PANAMERICANA NORTE KM 149,013801594/994034363,18.38
SANTA MARIA,TRADCOM E.I.R.L.,CARRETERA PANAMERICANA NORTE N° 1598,013556150/994150371/972158594,18.38
HUACHO,GRIFOS SAGITARIO S.R.L.,ESQ. CALLE ECHENIQUE Y FRANCISCO VIDAL N° 903,987654321,18.39
HUAURA,GRIFOS OBISPO E.I.R.L.,"AV.SAN FRANCISCO MZ.D LOTES 17,18,19 Y 20",013413528/963760568,18.4
HUACHO,ESTACION DE SERVICIOS YOLITA S.A.C.,AV. MERCEDES INDACOCHEA 201,994243640,18.4
SAYAN,ESTACION DE SERVICIO LOS MEDANOS S.A.C,"CARRETERA HUACHO - SAYAN, MZ. D, LT. 4 - LOS MEDANOS, SECTOR IRRIGACION SANTA ROSA",912985488/997735407,18.9
SAYAN,SERVICENTRO SANTA CLARA S.A.C,CARRETERA HUACHO-SAYAN CRUCE SAN BOSCO S/N. - CENTRO POBLADO IRRIGACION SANTA ROSA.,017654321/944254027/960325829,18.9
SANTA MARIA,GASOCENTRO OVAL S.A.C.,AV. PANAMERICANA NORTE N° 1270 (ANTES CARRETERA PANAMERICANA NORTE KM 148),012323831,18.98
SANTA MARIA,GRIFOS SAGITARIO S.R.L.,CARRETERA PANAMERICANA NORTE 1766 KM.150,012321851,18.99
HUACHO,COESTI S.A.,CALLE DOMINGO COLOMA N° 152,012033100/012080100/961586025,18.99
VEGUETA,ESTACION DE SERVICIOS SERVIKYA S.A.C.,"CARRETERA PANAM. NORTE KM.169+033, SUB LOTE 2,PARCELA 43, PREDIO LA CHILAMPA CENTRO POBLADO MENOR MEDIO MUNDO",,18.99
SAYAN,SERVICENTRO LA ESTANCIA S.A.C.,VIA IRRIGACION SANTA ROSA - CRUCE SAN BOSCO,,19.0
CHECRAS,ESTACION DE SERVICIOS EL POTRILLO PIEDRA BLANCA,CASERIO DE PIEDRA BLANCA S/N LACSAURA,01938560030,19.19
SAYAN,RUBEN E HIJOS S.A.C,"CARRETERA HUACHO - SAYAN, MZ C LOTE 3, A.H. 9 DE OCTUBRE , IRRIGACION SANTA ROSA",012383000/987223800,19.5
SAYAN,GRIFO LA BELLA VILLA S.A.C.,"AV. LA VILLA MZ A LOTE 7, CENTRO POBLADO EL MILAGRO EX FUNDO FAUSTA ANGÉLICA SECTOR IRRIGACIÓN SANTA ROSA",012379124,20.0
HUACHO,SHIMA INVERSIONES BARRANCA E.I.R.L.,AUGUSTO B. LEGUIA Y PROLONGACION ADAN ACEVEDO S/N,982569540/982569541,23.0
VEGUETA,AXEL ENERGY S.A.C.,CARRETERA PANAMERICANA NORTE KM 162+809 - SECTOR MIRAMAR,992414755,15.99
VEGUETA,ESTACION DE SERVICIOS SAN BLAS S.A.C,"CARRETERA PANAMERICANA NORTE, PARCELA 45A, SECTOR LA CHILAMPA",921336265,15.99
HUAURA,GLADYS ISABEL AGUERO AMADO,AV. PERU S/N CARRETERA HUAURA SAYAN KM 21.5 CENTRO POBLADO MENOR DE HUMAYA,983129377,16.49
VEGUETA,M Y R REY COMBUSTIBLES SRL,PANAMERICANA NORTE KM. 167 + 400 METROS - SAN FELIPE,992474353/946584058,16.49
SANTA MARIA,INVERSIONES HECA S.A.C.,AV. TUPAC AMARU Nº 598,,16.69
VEGUETA,ESTACION DE SERVICIOS LOBITOS SERVICE S.A.C.,"CARRETERA PANAMERICANA NORTE KM. 169.00-EX FUNDO LOS OLIVOS, IRRIGACION SAN FELIPE LOTE 02 MEDIO MUNDO",979428786/989568266,16.75
SANTA MARIA,ESTACION DE SERVICIOS MAROS S.A.C,AV. CENTENARIO S/N ESQ. CON CALLE CEFERINO RAMIREZ,,16.89
SANTA MARIA,GRIFOS ESPINOZA S.A.,SECTOR AGUA DULCE - LOTE 01,017080700/981262114,16.99
HUACHO,PCS SERVICIOS Y REPRESENTACIONES DIVERSAS SAC,CALLE LEONCIO PRADO N° 125,,17.0
SANTA MARIA,MAHANAIM HUACHO S.A.C.,AV. PANAMERICANA NORTE N° 1900-1902-1920-1924-1930,016584860/997282843/941102507,17.09
VEGUETA,ESTACION DE SERVICIOS NJK S.A.C.,AV. LAS AMERICAS N° 831 - PANAMERICANA NORTE KM 158,012321156/012322783,17.09
HUAURA,ESTACIONES DE SERVICIO MERLY EIRL,CARRETERA PANAMERICANA NORTE KM. 154,013413528/963760568,17.1
SAYAN,ESTACION DE SERVICIOS ANDAHUASI S.A.C.,"AV, HUAURA-SAYAN LOTE 100 ESQ CON CALLE SANTIAGO CORNEJO LOPEZ CP SAN JUAN DE CAÑAS",012357980/998258868/996139579,17.1
SANTA MARIA,ESTACION DE SERVICIOS RIMEER EIRL,AV. CENTENARIO S/N - BARRIO SAN LORENZO,013413528/963760568/963760571,17.1
SAYAN,MULTISERVICIOS EL TRIANGULO,CARRETERA HUAURA – SAYAN KM. 42,953729737/967752045,17.1
SANTA MARIA,ESTACIÓN DE SERVICIOS LI S.A.C.,"CARRETERA PANAMERICANA NORTE N° 990, BARRIO VALDIVIA",963867723/981086617,17.14
SANTA MARIA,ESTACIÓN DE SERVICIOS SAN JOSÉ S.A.C - HUACHO,CARRETERA PANAMERICANA NORTE KM 149,013801594/994034363,17.14
HUACHO,TRANSFUELS LIPER E.I.R.L.,"AV. SAN MARTIN Nº 157, 163, 165 Y 169",,17.14
HUALMAY,GRIFO BARRANCA VIP S.A.C.,AV. DOMINGO MANDAMIENTO N° 1098 CON AV. CRUZ BLANCA,941564560/941562679,17.14
HUALMAY,ESTACION DE SERVICIOS LI S.A.C.,NUEVA PISTA HUACHO - CARQUIN S/N. SECTOR CAMPO ALEGRE,012321156/012321156,17.14
SANTA MARIA,TRADCOM E.I.R.L.,CARRETERA PANAMERICANA NORTE N° 1598,013556150/994150371/972158594,17.14
HUALMAY,ESTACION DE SERVICIOS HUAURA S.A.C.,"CARRETERA PANAMERICANA NORTE KM. 145, ESQUINA CON AV. PERALVILLO N° 2649",015215769/982597433/988009137,17.14
HUAURA,SERVICENTRO PETRO HUAURA S.A.C.,"CARRETERA HUAURA-SAYAN, KM.3.755, CASERIO DESAGRAVIO, U.C. 10612, SUB PARCELA B",013580150,17.17
HUACHO,GRIFOS SAGITARIO S.R.L.,ESQ. CALLE ECHENIQUE Y FRANCISCO VIDAL N° 903,987654321,17.19
VEGUETA,TRANSPCOM MAX E.I.R.L.,CARRETERA MAZO - VEGUETA S/N,981217020,17.2
HUAURA,GRIFOS OBISPO E.I.R.L.,"AV.SAN FRANCISCO MZ.D LOTES 17,18,19 Y 20",013413528/963760568,17.2
HUACHO,ESTACION DE SERVICIOS YOLITA S.A.C.,AV. MERCEDES INDACOCHEA 201,994243640,17.2
HUALMAY,DIESEL MAX S.R.L.,AV. CRUZ BLANCA N° 996 ANTIGUA CARRETERA PANAMERICANA NORTE KM. 151 + 345,966406426,17.2
SANTA MARIA,GRIFOS SAGITARIO S.R.L.,CARRETERA PANAMERICANA NORTE 1766 KM.150,012321851,17.24
SAYAN,ESTACION DE SERVICIOS MARIVEA E.I.R.L.,"CALLE LOS PATRIOTAS S/N, MZ. I, LOTES 37, 38, 39, 40 Y 41",017390302/987488526/977161271,17.3
HUACHO,COESTI S.A.,CALLE DOMINGO COLOMA N° 152,012033100/012080100/961586025,17.39
SANTA MARIA,GASOCENTRO OVAL S.A.C.,AV. PANAMERICANA NORTE N° 1270 (ANTES CARRETERA PANAMERICANA NORTE KM 148),012323831,17.41
HUACHO,SHIMA INVERSIONES BARRANCA E.I.R.L.,AUGUSTO B. LEGUIA Y PROLONGACION ADAN ACEVEDO S/N,982569540/982569541,17.69
SAYAN,SERVICENTRO SANTA CLARA S.A.C,CARRETERA HUACHO-SAYAN CRUCE SAN BOSCO S/N. - CENTRO POBLADO IRRIGACION SANTA ROSA.,017654321/944254027/960325829,17.9
SAYAN,ESTACION DE SERVICIO LOS MEDANOS S.A.C,"CARRETERA HUACHO - SAYAN, MZ. D, LT. 4 - LOS MEDANOS, SECTOR IRRIGACION SANTA ROSA",912985488/997735407,17.9
VEGUETA,ESTACION DE SERVICIOS SERVIKYA S.A.C.,"CARRETERA PANAM. NORTE KM.169+033, SUB LOTE 2,PARCELA 43, PREDIO LA CHILAMPA CENTRO POBLADO MENOR MEDIO MUNDO",,17.99
SAYAN,SERVICENTRO LA ESTANCIA S.A.C.,VIA IRRIGACION SANTA ROSA - CRUCE SAN BOSCO,,18.0
CHECRAS,ESTACION DE SERVICIOS EL POTRILLO PIEDRA BLANCA,CASERIO DE PIEDRA BLANCA S/N LACSAURA,01938560030,18.3
SAYAN,RUBEN E HIJOS S.A.C,"CARRETERA HUACHO - SAYAN, MZ C LOTE 3, A.H. 9 DE OCTUBRE , IRRIGACION SANTA ROSA",012383000/987223800,18.5
SAYAN,GRIFO LA BELLA VILLA S.A.C.,"AV. LA VILLA MZ A LOTE 7, CENTRO POBLADO EL MILAGRO EX FUNDO FAUSTA ANGÉLICA SECTOR IRRIGACIÓN SANTA ROSA",012379124,19.2
HUACHO,TRANSFUELS LIPER E.I.R.L.,"AV. SAN MARTIN Nº 157, 163, 165 Y 169",,15.6
SANTA MARIA,ESTACIÓN DE SERVICIOS LI S.A.C.,"CARRETERA PANAMERICANA NORTE N° 990, BARRIO VALDIVIA",963867723/981086617,15.6
HUALMAY,ESTACION DE SERVICIOS LI S.A.C.,NUEVA PISTA HUACHO - CARQUIN S/N. SECTOR CAMPO ALEGRE,012321156/012321156,15.6
HUACHO,GRIFOS SAGITARIO S.R.L.,ESQ. CALLE ECHENIQUE Y FRANCISCO VIDAL N° 903,987654321,17.89
VEGUETA,AXEL ENERGY S.A.C.,CARRETERA PANAMERICANA NORTE KM 162+809 - SECTOR MIRAMAR,992414755,16.19
VEGUETA,ESTACION DE SERVICIOS SAN BLAS S.A.C,"CARRETERA PANAMERICANA NORTE, PARCELA 45A, SECTOR LA CHILAMPA",921336265,16.19
HUAURA,GLADYS ISABEL AGUERO AMADO,AV. PERU S/N CARRETERA HUAURA SAYAN KM 21.5 CENTRO POBLADO MENOR DE HUMAYA,983129377,16.99
HUACHO,PCS SERVICIOS Y REPRESENTACIONES DIVERSAS SAC,CALLE LEONCIO PRADO N° 125,,17.0
VEGUETA,ESTACION DE SERVICIOS LOBITOS SERVICE S.A.C.,"CARRETERA PANAMERICANA NORTE KM. 169.00-EX FUNDO LOS OLIVOS, IRRIGACION SAN FELIPE LOTE 02 MEDIO MUNDO",979428786/989568266,17.0
SAYAN,ESTACION DE SERVICIOS ANDAHUASI S.A.C.,"AV, HUAURA-SAYAN LOTE 100 ESQ CON CALLE SANTIAGO CORNEJO LOPEZ CP SAN JUAN DE CAÑAS",012357980/998258868/996139579,17.09
SAYAN,MULTISERVICIOS EL TRIANGULO,CARRETERA HUAURA – SAYAN KM. 42,953729737/967752045,17.09
SANTA MARIA,MAHANAIM HUACHO S.A.C.,AV. PANAMERICANA NORTE N° 1900-1902-1920-1924-1930,016584860/997282843/941102507,17.19
SANTA MARIA,ESTACION DE SERVICIOS RIMEER EIRL,AV. CENTENARIO S/N - BARRIO SAN LORENZO,013413528/963760568/963760571,17.2
HUAURA,ESTACIONES DE SERVICIO MERLY EIRL,CARRETERA PANAMERICANA NORTE KM. 154,013413528/963760568,17.2
HUALMAY,ESTACION DE SERVICIOS LI S.A.C.,NUEVA PISTA HUACHO - CARQUIN S/N. SECTOR CAMPO ALEGRE,012321156/012321156,17.23
HUACHO,TRANSFUELS LIPER E.I.R.L.,"AV. SAN MARTIN Nº 157, 163, 165 Y 169",,17.23
SANTA MARIA,ESTACIÓN DE SERVICIOS LI S.A.C.,"CARRETERA PANAMERICANA NORTE N° 990, BARRIO VALDIVIA",963867723/981086617,17.23
HUALMAY,ESTACION DE SERVICIOS HUAURA S.A.C.,"CARRETERA PANAMERICANA NORTE KM. 145, ESQUINA CON AV. PERALVILLO N° 2649",015215769/982597433/988009137,17.23
VEGUETA,ESTACION DE SERVICIOS NJK S.A.C.,AV. LAS AMERICAS N° 831 - PANAMERICANA NORTE KM 158,012321156/012322783,17.23
SANTA MARIA,TRADCOM E.I.R.L.,CARRETERA PANAMERICANA NORTE N° 1598,013556150/994150371/972158594,17.24
HUALMAY,GRIFO BARRANCA VIP S.A.C.,AV. DOMINGO MANDAMIENTO N° 1098 CON AV. CRUZ BLANCA,941564560/941562679,17.24
HUAURA,GRIFOS OBISPO E.I.R.L.,"AV.SAN FRANCISCO MZ.D LOTES 17,18,19 Y 20",013413528/963760568,17.3
VEGUETA,M Y R REY COMBUSTIBLES SRL,PANAMERICANA NORTE KM. 167 + 400 METROS - SAN FELIPE,992474353/946584058,17.39
SAYAN,ESTACION DE SERVICIOS MARIVEA E.I.R.L.,"CALLE LOS PATRIOTAS S/N, MZ. I, LOTES 37, 38, 39, 40 Y 41",017390302/987488526/977161271,17.55
SANTA MARIA,ESTACIÓN DE SERVICIOS SAN JOSÉ S.A.C - HUACHO,CARRETERA PANAMERICANA NORTE KM 149,013801594/994034363,17.58
VEGUETA,ESTACION DE SERVICIOS SERVIKYA S.A.C.,"CARRETERA PANAM. NORTE KM.169+033, SUB LOTE 2,PARCELA 43, PREDIO LA CHILAMPA CENTRO POBLADO MENOR MEDIO MUNDO",,17.59
VEGUETA,TRANSPCOM MAX E.I.R.L.,CARRETERA MAZO - VEGUETA S/N,981217020,17.6
HUALMAY,DIESEL MAX S.R.L.,AV. CRUZ BLANCA N° 996 ANTIGUA CARRETERA PANAMERICANA NORTE KM. 151 + 345,966406426,17.6
HUACHO,COESTI S.A.,CALLE DOMINGO COLOMA N° 152,012033100/012080100/961586025,17.69
SANTA MARIA,ESTACION DE SERVICIOS MAROS S.A.C,AV. CENTENARIO S/N ESQ. CON CALLE CEFERINO RAMIREZ,,17.84
SANTA MARIA,INVERSIONES HECA S.A.C.,AV. TUPAC AMARU Nº 598,,17.89
CHECRAS,ESTACION DE SERVICIOS EL POTRILLO PIEDRA BLANCA,CASERIO DE PIEDRA BLANCA S/N LACSAURA,01938560030,17.89
SAYAN,ESTACION DE SERVICIO LOS MEDANOS S.A.C,"CARRETERA HUACHO - SAYAN, MZ. D, LT. 4 - LOS MEDANOS, SECTOR IRRIGACION SANTA ROSA",912985488/997735407,17.9
HUACHO,SHIMA INVERSIONES BARRANCA E.I.R.L.,AUGUSTO B. LEGUIA Y PROLONGACION ADAN ACEVEDO S/N,982569540/982569541,17.95
SANTA MARIA,GRIFOS SAGITARIO S.R.L.,CARRETERA PANAMERICANA NORTE 1766 KM.150,012321851,17.98
SAYAN,SERVICENTRO LA ESTANCIA S.A.C.,VIA IRRIGACION SANTA ROSA - CRUCE SAN BOSCO,,17.99
SANTA MARIA,GRIFOS ESPINOZA S.A.,SECTOR AGUA DULCE - LOTE 01,017080700/981262114,17.99
HUACHO,GRIFOS SAGITARIO S.R.L.,ESQ. CALLE ECHENIQUE Y FRANCISCO VIDAL N° 903,987654321,17.99
SANTA MARIA,GASOCENTRO OVAL S.A.C.,AV. PANAMERICANA NORTE N° 1270 (ANTES CARRETERA PANAMERICANA NORTE KM 148),012323831,17.99
SAYAN,SERVICENTRO SANTA CLARA S.A.C,CARRETERA HUACHO-SAYAN CRUCE SAN BOSCO S/N. - CENTRO POBLADO IRRIGACION SANTA ROSA.,017654321/944254027/960325829,17.99
HUACHO,ESTACION DE SERVICIOS YOLITA S.A.C.,AV. MERCEDES INDACOCHEA 201,994243640,18.0
SAYAN,GRIFO LA BELLA VILLA S.A.C.,"AV. LA VILLA MZ A LOTE 7, CENTRO POBLADO EL MILAGRO EX FUNDO FAUSTA ANGÉLICA SECTOR IRRIGACIÓN SANTA ROSA",012379124,18.1
SAYAN,RUBEN E HIJOS S.A.C,"CARRETERA HUACHO - SAYAN, MZ C LOTE 3, A.H. 9 DE OCTUBRE , IRRIGACION SANTA ROSA",012383000/987223800,18.4
HUAURA,SERVICENTRO PETRO HUAURA S.A.C.,"CARRETERA HUAURA-SAYAN, KM.3.755, CASERIO DESAGRAVIO, U.C. 10612, SUB PARCELA B",013580150,18.65
COMAS,FILSE S.A.C.,AV. METROPOLITANA N° 1905,015369596/992763709,15.59
COMAS,FULL OILS PETRO SOCIEDAD ANONIMA CERRADA-FULL OILS PETRO S.A.C.,AV. REVOLUCION N° 783 PRIMERA ZONA - COLLIQUE,014467967,15.59
ATE,EMPRESA DE SERVICIOS Y TRANSPORTES EL NEGRO E.I.R.L.,"MZ A LT 1,2,3,4,5 Y 6 DEL PROGRAMA DE VIVIENDA Y COMERCIO LAS PRADERAS DE PARIACHI",013592881/996503352,15.6
LURIGANCHO,GRIFOS LOS DELFINES JR,"CARRETERA CENTRAL (AV. LIMA SUR) ESQUINA CON PASAJE JACARANDAES, SUB LOTE 34-B1, B2, B3",994979790,15.6
LURIGANCHO,CLARIGO S.A.C.,"AV. LAS FLORES Nº 750, URB. SANTA MARIA",013602151/013601043,15.63
LURIGANCHO,SAN PEDRO COMBUSTIBLES S.R.L.,CALLE LIMA SUR N° 1529 (EX CARRETERA CENTRAL) PARTE DEL LOTE 43 DEL FUNDO MOYOPAMPA,996186824,15.63
LURIGANCHO,ATS AMERICA SAC,AV. LIMA SUR Nº 895 - CHOSICA,015342336/994038205/977343458,15.63
SAN MARTIN DE PORRES,PETRO SAN MARTIN S.A.C.,"LOTE 2-3 DE LA MANZANA V, URBANIZACIÓN PRO-SÉTIMO SECTOR - PARCELA A",015401560/015400128,15.68
PUENTE PIEDRA,INVERS SCJ ONOFRE E.I.R.L.,AV. LEONCIO PRADO Nº 344 - ZAPALLAL,,15.69
SAN MARTIN DE PORRES,REPSOL GRIFO SAN DIEGO,AV. SAN DIEGO Nº 1000 Y CALLE SANTA MARIA,969253848/995715559,15.7
SAN MARTIN DE PORRES,INVERSIONES Y SERVICIOS JULIO III SAC,"INTERSECCION AV. CENTRAL Y AV. LAS TORRES MZ. C, LOTES 8, 9, 10 Y 11, ASOC. DE VIVIENDA. SANTA MARIA DE NARANJAL.",,15.7
LIMA,GRIFO J.H.P. E.I.R.LTDA.,AV. OSCAR R. BENAVIDES INTERSECCIÓN JR. PRESBITERO GÁSPAR HERNÁNDEZ,,15.75
PUENTE PIEDRA,PETRO EXPLORIUM S.A.C.,KM. 25 DE LA CARRETERA PANAMERICANA NORTE,994992758,15.78
PUENTE PIEDRA,ENERGY OIL COMPANY S.A.C.,CARRETERA PANAMERICANA NORTE KM. 33.5,,15.79
PUENTE PIEDRA,SERVICENTRO PASAMAYO S.A.C.,"CARRETERA PANAMERICANA NORTE KM. 34 Y CALLE SANTA ROSA MZ. K-1, LOTE 12, CENTRO POBLADO ZAPALLAL",015502618/995622427/946180584,15.79
COMAS,ALVAUNSI S.A.C.,AV. UNIVERSITARIA ESQ. CON CALLE 15 MZ. Q-1 LOTES 30 Y 31 COOPERATIVA DE VIVIENDA PRIMAVERA,,15.8
COMAS,BERLINA CIERTO ROJAS,LOTE 1 SUBLOTE 3 - ZONA G PARCELACION RUSTICA DEL FUNDO CHACRA CERRO,015367370/015434266,15.8
LA VICTORIA,MAVIE COMBUSTIBLES S.A.C.,AV. BAUZATE Y MEZA ESQ. PROLONGACION HUAMANGA S/N.,013256717/014303019,15.83
PUENTE PIEDRA,CONSORCIO EL NORTEÑO S.A.C,CARRETERA PANAMERICANA NORTE KM. 31.7,,15.85
LA VICTORIA,SERVICENTRO MALI S.A.C.,JR. HUMBOLDT CON PROLONGACION HUAMANGA N° 619 (BERMA CENTRAL),01555555/957332614/973406411,15.88
ATE,AHV COMBUSTIBLES S.A.C.,CARRETERA CENTRAL KM 13.650 GLORIA BAJA,,15.88
ATE,COMBUSTIBLES H&S S.R.L.,"AV. NICOLAS AYLLON (EX CARRETERA CENTRAL) S/N MZ. ""B"" LOTES 5 Y 5-A U.C. 10022",012541342/948972357/959971196,15.89
LIMA,PUNTO GAS SOCIEDAD ANONIMA CERRADA - PUNTO GAS S.A.C.,"AV. MARISCAL OSCAR R. BENAVIDES N° 1623 - 1657, URB. LA TRINIDAD",013370795/013370795,15.89
VILLA MARIA DEL TRIUNFO,SERVICENTRO BERNY S.R.L.,"PUEBLO JOVEN JOSE CARLOS MARIATEGUI, ETAPA PRIMERA, AV. JULIO C. TELLO N° 101, MZ. E LOTE 01",012833880,15.89
LIMA,SERVICENTRO SHALOM S.A.C.,AV. NACIONES UNIDAS 1222 MZ. K URB. SAN RAFAEL,014256428,15.89
SAN MARTIN DE PORRES,TRANSPORTES GENERALES J & F S.A.C.,"MZ D, LOTE 2 (INTERSECCION DE AV. CANTA CALLAO Y AV. LOS OLIVOS) ASOCIACION DE VIVIENDA MONTE AZUL",917855513/933836708,15.89
PUENTE PIEDRA,ESTACION DE SERVICIOS PASO DE LOS ANDES S.A.C.,CARRETERA PANAMERICANA NORTE KM. 36.5,,15.89
LURIGANCHO,SERVICENTRO BERNY S.R.L.,LOTE 6 MZ. G URB. NIEVERIA HUACHIPA,944118156,15.89
ATE,ESTACION DE SERVICIO VIRGEN DE LAS NIEVES SAC,AV. CARRETERA CENTRAL KM. 13.5,,15.92
CARABAYLLO,VERPASAR S.A.C,"AV. LAS LOMAS DE CARABAYLLO MZ- B LTES 14,15 Y 16 - PROGRAMA DE VIVIENDA SAN JOSE",983043666/954131333,15.95
ATE,PETRO EXPLORIUM,"CALLE SAN CARLOS RD, MZ. C LOTE 14",994992758,15.96
ATE,YE PETROLEUM S.A.C.,"AV. LOS CASTILLOS Nº 340, URB. INDUSTRIAL SANTA ROSA",943736528/901439574,15.97
SAN MARTIN DE PORRES,PALACIOS GAMARRA MILAGRO ISABEL,"ESQUINA DE LA AV. CANTA CALLAO Y LOS DOMINICOS MZ. E LOTE 7, URB. LAS BRISAS DE SANTA ROSA",017672034/933325046/975340975,15.98
ATE,SERVICENTRO SMILE S.A.,"CALLE LOS ORFEBREROS N° 129, URB. INDUSTRIAL EL ARTESANO",999086922,15.98
BREÑA,GRIFO VICTORIA E.I.R.L.,JR. JORGE CHAVEZ 1087 ESQ. JR. OLMEDO N° 498,014240400/014303019,15.99
LURIGANCHO,SERVICIOS MULTIPLES SANTA CECILIA S.A.C.,"AUTOPISTA RAMIRO PRIALE KM 8.5, MZ. A, SUB LOTE 54-B, CENTRO POBLADO MENOR DE SANTA MARIA DE HUACHIPA",960113393,15.99
LIMA,GASOLINERAS S.A.C.,AV. 28 DE JULIO 159. ESQUINA CON AV. BRASIL,014246994/981211337/994304437,15.99
PUCUSANA,SERVICENTRO JABSA S.A.,AV. LIMA N° 646,014309104/963806398,15.99
CARABAYLLO,COMBUSTIBLES SELECTOS S.A.C.,"MZ. 29 LTS. 11,14,15,16,17 Y 18 NUEVA URBANIZACION TORRE BLANCA 2DA ETAPA",989599589/992509216,15.99
PUENTE PIEDRA,SERVICENTRO PASAMAYO S.A.C.,AV. PERIURBANA Nº 1007 (PREDIO RURAL ZAPALLAL ALTO - EL DORADO),,15.99
COMAS,FULL OILS PETRO S.A.C,AV. REVOLUCIÓN N° 2976 5TA ZONA COLLIQUE,992756702/998761149,15.99
ATE,CONSORCIO PETRO CENTRAL SAC,AV. NICOLAS AYLLON S/N CARRETERA CENTRAL KM. 13 C.P. SAN JUAN DE PARIACHI,,15.99
ATE,INVERSIONES PURITA CALIDAD S.R.L.,AV. CIRCUMVALACION MZ. F LT.8,996289340/980846599,15.99
LIMA,GRIFOSA SAC LIMA,AV. OSCAR R. BENAVIDES NO. 2398,013368590/994602463/994604656,15.99
SAN MARTIN DE PORRES,JOSUE RUFO TANTAVILCA CHUQUILLANQUI,"MZ. A, LOTE 26, ASOCIACION DE VIVIENDA OJIHUA INTERSECCION DE LA AV. LOS OLIVOS (EX SANTA ROSA) CON LA AUTOPISTA CANTA CALLAO",017671337/991050158,15.99
SAN MARTIN DE PORRES,H & P INGENIERÍA LÍQUIDA S.A.C.,"AV. LOS DOMINICOS MZ. U, LT.18 - URBANIZACIÓN LOS CIPRESES",015674005/998161283,15.99
JESUS MARIA,ESTACION DE SERVICIOS PASO DE LOS ANDES S.A.C.,AV. BRASIL N° 699,013327122,15.99
CIENEGUILLA,FAUSTO NONATO RAMOS,"AV. SAN MARTIN KM 17.8, MZ C - LT 2 Y 3 - ASOCIACION DE VIVIENDAS LA ESPERANZA DE CIENEGUILLA",,15.99
COMAS,DISTRIBUIDORA E IMPORTADORA M & G S.A.C.,AV. UNIVERSITARIA KM.14 MZ. A1 LOTE 23 COOPERATIVA PRIMAVERA,,15.99
CARABAYLLO,JULIA FIORELLA BERNABEL DAVILA,AV. TUPAC AMARU N° 3603 AA.HH. EL PROGRESO,991679311,15.99
PUENTE PIEDRA,ENERGY OIL COMPANY S.A.C.,CARRETERA PANAMERICANA NORTE KM. 33.5,,14.31
PUENTE PIEDRA,INVERS SCJ ONOFRE E.I.R.L.,AV. LEONCIO PRADO Nº 344 - ZAPALLAL,,14.35
PUENTE PIEDRA,ESTACION DE SERVICIOS PASO DE LOS ANDES S.A.C.,CARRETERA PANAMERICANA NORTE KM. 36.5,,14.39
PUENTE PIEDRA,PETRO EXPLORIUM S.A.C.,KM. 25 DE LA CARRETERA PANAMERICANA NORTE,994992758,14.58
PUENTE PIEDRA,SERVICENTRO PASAMAYO S.A.C.,"CARRETERA PANAMERICANA NORTE KM. 34 Y CALLE SANTA ROSA MZ. K-1, LOTE 12, CENTRO POBLADO ZAPALLAL",015502618/995622427/946180584,14.59
PUENTE PIEDRA,GRIFO SAN BARTOLOME E.I.R.L.,"CALLE TACNA ESQUINA CON CALLE ABANCAY MZ. 77, LOTES 1 Y 2, AA.HH. SANTA ROSA",999411623,14.6
CARABAYLLO,VERPASAR S.A.C,"AV. LAS LOMAS DE CARABAYLLO MZ- B LTES 14,15 Y 16 - PROGRAMA DE VIVIENDA SAN JOSE",983043666/954131333,14.65
COMAS,FILSE S.A.C.,AV. METROPOLITANA N° 1905,015369596/992763709,14.69
COMAS,FULL OILS PETRO SOCIEDAD ANONIMA CERRADA-FULL OILS PETRO S.A.C.,AV. REVOLUCION N° 783 PRIMERA ZONA - COLLIQUE,014467967,14.69
LURIGANCHO,GRIFOS LOS DELFINES JR,"CARRETERA CENTRAL (AV. LIMA SUR) ESQUINA CON PASAJE JACARANDAES, SUB LOTE 34-B1, B2, B3",994979790,14.69
PUENTE PIEDRA,SERVICENTRO PASAMAYO S.A.C.,AV. PERIURBANA Nº 1007 (PREDIO RURAL ZAPALLAL ALTO - EL DORADO),,14.69
ATE,EMPRESA DE SERVICIOS Y TRANSPORTES EL NEGRO E.I.R.L.,"MZ A LT 1,2,3,4,5 Y 6 DEL PROGRAMA DE VIVIENDA Y COMERCIO LAS PRADERAS DE PARIACHI",013592881/996503352,14.7
LURIGANCHO,SAN PEDRO COMBUSTIBLES S.R.L.,CALLE LIMA SUR N° 1529 (EX CARRETERA CENTRAL) PARTE DEL LOTE 43 DEL FUNDO MOYOPAMPA,996186824,14.73
LURIGANCHO,CLARIGO S.A.C.,"AV. LAS FLORES Nº 750, URB. SANTA MARIA",013602151/013601043,14.73
LURIGANCHO,ATS AMERICA SAC,AV. LIMA SUR Nº 895 - CHOSICA,015342336/994038205/977343458,14.73
LIMA,GRIFO J.H.P. E.I.R.LTDA.,AV. OSCAR R. BENAVIDES INTERSECCIÓN JR. PRESBITERO GÁSPAR HERNÁNDEZ,,14.75
PUENTE PIEDRA,INVERSIONES ELCHER S.A.C.,AV SANTA ROSA MZ D LTE 1 ASOC. DE PROP. LOS PARRALES DE PUENTE PIEDRA,963903613/990280997,14.8
COMAS,BERLINA CIERTO ROJAS,LOTE 1 SUBLOTE 3 - ZONA G PARCELACION RUSTICA DEL FUNDO CHACRA CERRO,015367370/015434266,14.8
SANTA ROSA,AEROSERVICIOS S.A.C.,CARRETERA PANAMERICANA NORTE KM. 42,966369235,14.8
SAN MARTIN DE PORRES,PETRO SAN MARTIN S.A.C.,"LOTE 2-3 DE LA MANZANA V, URBANIZACIÓN PRO-SÉTIMO SECTOR - PARCELA A",015401560/015400128,14.83
ANCON,SERVICIOS DE COMBUSTIBLES SANTA FE E.I.R.L.,"AA.HH. LAS PALMERAS MZ. C, LT. 14 (ANTES SERPENTÍN DE PASAMAYO KM. 45.9 PANAMERICANA NORTE)",016983211/960690748/996437408,14.85
SAN MARTIN DE PORRES,REPSOL GRIFO SAN DIEGO,AV. SAN DIEGO Nº 1000 Y CALLE SANTA MARIA,969253848/995715559,14.85
SAN MARTIN DE PORRES,INVERSIONES Y SERVICIOS JULIO III SAC,"INTERSECCION AV. CENTRAL Y AV. LAS TORRES MZ. C, LOTES 8, 9, 10 Y 11, ASOC. DE VIVIENDA. SANTA MARIA DE NARANJAL.",,14.85
ATE,COMBUSTIBLES H&S S.R.L.,"AV. NICOLAS AYLLON (EX CARRETERA CENTRAL) S/N MZ. ""B"" LOTES 5 Y 5-A U.C. 10022",012541342/948972357/959971196,14.89
ATE,AHV COMBUSTIBLES S.A.C.,CARRETERA CENTRAL KM 13.650 GLORIA BAJA,,14.89
LA VICTORIA,MAVIE COMBUSTIBLES S.A.C.,AV. BAUZATE Y MEZA ESQ. PROLONGACION HUAMANGA S/N.,013256717/014303019,14.89
LURIGANCHO,SERVICENTRO BERNY S.R.L.,LOTE 6 MZ. G URB. NIEVERIA HUACHIPA,944118156,14.89
LURIGANCHO,GRIFO RANESI SAC,AV. CIRCUNVALACION LT. 34 ASOCIACION DIGNIDAD NACIONAL HUACHIPA - SANTA MARIA DE HUACHIPA,992758380/992758369,14.89
VILLA MARIA DEL TRIUNFO,SERVICENTRO BERNY S.R.L.,"PUEBLO JOVEN JOSE CARLOS MARIATEGUI, ETAPA PRIMERA, AV. JULIO C. TELLO N° 101, MZ. E LOTE 01",012833880,14.89
ANCON,INVERSIONES RAMSAN E.I.R.L.,JR. PEDRO GAREZON N° 500,,14.9
ANCON,NEGOCIOS CORPORATIVOS MB S.A.C.,SUB LOTE A1 ASOCIACIÓN DE PROPIETARIOS INDUSTRIALES PECUARIOS DE ANCON,015319327/924751956/924571956,14.9
SAN JUAN DE LURIGANCHO,EMPRESA DE TRANSPORTES LAS FLORES S.A.,"AV. PROCERES DE LA INDEPENDENCIA MZ. J1 LTS.24,25 Y 26",013920668,14.9
ATE,ESTACION DE SERVICIO VIRGEN DE LAS NIEVES SAC,AV. CARRETERA CENTRAL KM. 13.5,,14.92
LA VICTORIA,SERVICENTRO MALI S.A.C.,JR. HUMBOLDT CON PROLONGACION HUAMANGA N° 619 (BERMA CENTRAL),01555555/957332614/973406411,14.94
LIMA,PUNTO GAS SOCIEDAD ANONIMA CERRADA - PUNTO GAS S.A.C.,"AV. MARISCAL OSCAR R. BENAVIDES N° 1623 - 1657, URB. LA TRINIDAD",013370795/013370795,14.95
ATE,PETRO EXPLORIUM,"CALLE SAN CARLOS RD, MZ. C LOTE 14",994992758,14.95
PUENTE PIEDRA,CONSORCIO EL NORTEÑO S.A.C,CARRETERA PANAMERICANA NORTE KM. 31.7,,14.95
LIMA,SERVICENTRO SHALOM S.A.C.,AV. NACIONES UNIDAS 1222 MZ. K URB. SAN RAFAEL,014256428,14.95
ATE,YE PETROLEUM S.A.C.,"AV. LOS CASTILLOS Nº 340, URB. INDUSTRIAL SANTA ROSA",943736528/901439574,14.96
ATE,SERVICENTRO SMILE S.A.,"CALLE LOS ORFEBREROS N° 129, URB. INDUSTRIAL EL ARTESANO",999086922,14.97
SAN JUAN DE LURIGANCHO,ESTACIONES ARGUELLES S.A.C,"AV. PRINCIPAL (FRANCISCO BOLOGNESI) S/N, MZ. A LOTES 19, 20 Y 21 AA.HH. VILLA CAMPOY",015285237/947958641,14.99
SAN MARTIN DE PORRES,H & P INGENIERÍA LÍQUIDA S.A.C.,"AV. LOS DOMINICOS MZ. U, LT.18 - URBANIZACIÓN LOS CIPRESES",015674005/998161283,14.99
LIMA,GASOLINERAS S.A.C.,AV. 28 DE JULIO 159. ESQUINA CON AV. BRASIL,014246994/981211337/994304437,14.99
JESUS MARIA,ESTACION DE SERVICIOS PASO DE LOS ANDES S.A.C.,AV. BRASIL N° 699,013327122,14.99
CARABAYLLO,COMBUSTIBLES SELECTOS S.A.C.,"MZ. 29 LTS. 11,14,15,16,17 Y 18 NUEVA URBANIZACION TORRE BLANCA 2DA ETAPA",989599589/992509216,14.99
ATE,INVERSIONES PURITA CALIDAD S.R.L.,AV. CIRCUMVALACION MZ. F LT.8,996289340/980846599,14.99
ATE,CONSORCIO PETRO CENTRAL SAC,AV. NICOLAS AYLLON S/N CARRETERA CENTRAL KM. 13 C.P. SAN JUAN DE PARIACHI,,14.99
PUENTE PIEDRA,ASIA GRIFOS Y SERVICIOS GENERALES SOCIEDAD ANONIMA CERRADA,"AV. PUENTE PIEDRA N° 1218 KM. 32, PANAMERICANA NORTE",995714163/936016934,14.99
BREÑA,GRIFO VICTORIA E.I.R.L.,JR. JORGE CHAVEZ 1087 ESQ. JR. OLMEDO N° 498,014240400/014303019,14.99
PUCUSANA,SERVICENTRO JABSA S.A.,AV. LIMA N° 646,014309104/963806398,14.99
VILLA EL SALVADOR,ADA CECILIA MONTERO ZURICHAQUI,"AV JOSE CARLOS MARIATEGUI S/N MZ H, LOTES 16 Y 17, SECTOR III, GRUPO 9",015700604,16.39
VILLA EL SALVADOR,SERVICIOS Y GRIFOS CAMARENA S.A.,"SECTOR 03, GRUPO 19, MZ. M, LOTES. 1, 2, 3 Y 24",012879092/012870055,17.59
VILLA MARIA DEL TRIUNFO,GRIFO EL SOL LAS PALOMAS SAC,AV. EL SOL N° 645,946084381/946084412,17.59
COMAS,FULL OILS PETRO SOCIEDAD ANONIMA CERRADA-FULL OILS PETRO S.A.C.,AV. REVOLUCION N° 783 PRIMERA ZONA - COLLIQUE,014467967,15.59
COMAS,FILSE S.A.C.,AV. METROPOLITANA N° 1905,015369596/992763709,15.59
COMAS,FULL OILS PETRO S.A.C,AV. REVOLUCIÓN N° 2976 5TA ZONA COLLIQUE,992756702/998761149,15.67
ATE,EMPRESA DE SERVICIOS Y TRANSPORTES EL NEGRO E.I.R.L.,"MZ A LT 1,2,3,4,5 Y 6 DEL PROGRAMA DE VIVIENDA Y COMERCIO LAS PRADERAS DE PARIACHI",013592881/996503352,15.69
PUENTE PIEDRA,POWER PETROLEUM COMPANY S.A.C.,"AV. NESTOR GAMBETTA S/N LOTIZACION LEONCIO PRADO, MZ. F, LOTE 83",945208887/955546993,15.69
ATE,ECAMEL S.A.C.,CARRETERA CENTRAL KM. 15.1,013017866,15.7
ATE,INVERSIONES PURITA CALIDAD S.R.L.,AV. CIRCUMVALACION MZ. F LT.8,996289340/980846599,15.75
LURIGANCHO,SAN PEDRO COMBUSTIBLES S.R.L.,CALLE LIMA SUR N° 1529 (EX CARRETERA CENTRAL) PARTE DEL LOTE 43 DEL FUNDO MOYOPAMPA,996186824,15.75
LURIGANCHO,ATS AMERICA SAC,AV. LIMA SUR Nº 895 - CHOSICA,015342336/994038205/977343458,15.77
CHACLACAYO,INVERSIONES Y SERVICIOS MULTIPLES W.R S.A.C,CARRETERA CENTRAL KM. 22.700,943619486/993978502,15.78
COMAS,DISTRIBUIDORA E IMPORTADORA M & G S.A.C.,AV. UNIVERSITARIA KM.14 MZ. A1 LOTE 23 COOPERATIVA PRIMAVERA,,15.79
ATE,PETRO EXPLORIUM,"CALLE SAN CARLOS RD, MZ. C LOTE 14",994992758,15.79
ATE,COMBUSTIBLES H&S S.R.L.,"AV. NICOLAS AYLLON (EX CARRETERA CENTRAL) S/N MZ. ""B"" LOTES 5 Y 5-A U.C. 10022",012541342/948972357/959971196,15.79
CHACLACAYO,GRUPO ARIAS S.A.C.,AV NICOLAS AYLLON N° 1202 Y ESQ AV LAS MAGNOLIAS (CARRETERA CENTRAL KM 25),971423969/998600351,15.79
CHACLACAYO,GRIFO SAN IGNACIO SAC,CARRETERA CENTRAL KM. 20.8,012063230/943413879,15.79
ATE,GRIFO VILLA HERMOSA E.I.R.L.,AV. A SUR CALLE 1 Y CALLE 2 RESIDENCIAL VILLA HERMOSA DE HUAYCAN,014355664/013591901,15.79
PUENTE PIEDRA,GRIFO SAN BARTOLOME E.I.R.L.,"CALLE TACNA ESQUINA CON CALLE ABANCAY MZ. 77, LOTES 1 Y 2, AA.HH. SANTA ROSA",999411623,15.8
ATE,ESTACION DE SERVICIO VIRGEN DE LAS NIEVES SAC,AV. CARRETERA CENTRAL KM. 13.5,,15.8
LURIGANCHO,GRIFOS LOS DELFINES JR,"CARRETERA CENTRAL (AV. LIMA SUR) ESQUINA CON PASAJE JACARANDAES, SUB LOTE 34-B1, B2, B3",994979790,15.85
ATE,CONSORCIO PETRO CENTRAL SAC,AV. NICOLAS AYLLON S/N CARRETERA CENTRAL KM. 13 C.P. SAN JUAN DE PARIACHI,,15.89
PUENTE PIEDRA,J.W. OLIVER S.A.C.,LOTIZACION SEMI RUSTICA LEONCIO PRADO LOTE 108 MZ I,,15.89
LOS OLIVOS,TERPEL PERU SAC,"AV. ALFREDO MENDIOLA N° 6583 – 6585- 6589 – 6593 – 6597 – 6599, DE LOS LOTES 16 Y 17, MZ. 2E, PARCELACIÓN RESIDENCIAL SANTA LUISA II ETAPA",999011355,15.89
ATE,TERPEL PERU S.A.C.,AV. NICOLAS AYLLON N° 10080 (URB. PROGRAMA DE VIVIENDA FHILADELFIA MZ. H LOTE 1),975091672/980265125,15.91
SAN MARTIN DE PORRES,PETRO SAN MARTIN S.A.C.,"LOTE 2-3 DE LA MANZANA V, URBANIZACIÓN PRO-SÉTIMO SECTOR - PARCELA A",015401560/015400128,15.92
LA VICTORIA,MAVIE COMBUSTIBLES S.A.C.,AV. BAUZATE Y MEZA ESQ. PROLONGACION HUAMANGA S/N.,013256717/014303019,15.92
SAN MARTIN DE PORRES,REPSOL GRIFO SAN DIEGO,AV. SAN DIEGO Nº 1000 Y CALLE SANTA MARIA,969253848/995715559,15.93
SAN MARTIN DE PORRES,INVERSIONES Y SERVICIOS JULIO III SAC,"INTERSECCION AV. CENTRAL Y AV. LAS TORRES MZ. C, LOTES 8, 9, 10 Y 11, ASOC. DE VIVIENDA. SANTA MARIA DE NARANJAL.",,15.95
LURIGANCHO,CLARIGO S.A.C.,"AV. LAS FLORES Nº 750, URB. SANTA MARIA",013602151/013601043,15.97
COMAS,ESTACION DE SERVICIOS ESTEL S.A.C.,"AV. UNIVERSITARIA NORTE NRO. 5771 - 5779, URB. SANTA ISOLINA",015250679,15.97
LA VICTORIA,SERVICENTRO MALI S.A.C.,JR. HUMBOLDT CON PROLONGACION HUAMANGA N° 619 (BERMA CENTRAL),01555555/957332614/973406411,15.97
LA VICTORIA,GRIFO SANTA ROSA SA,"AV. BAUZATE Y MEZA N° 800, ESQUINA JR. MENDOZA MERINO",01555555/957332614,15.98
PUENTE PIEDRA,PETRO EXPLORIUM S.A.C.,KM. 25 DE LA CARRETERA PANAMERICANA NORTE,994992758,15.98
SAN JUAN DE LURIGANCHO,ESTACION DE SERVICIO CORAZON DE JESUS S.A.C.,AV. PROCERES DE LA INDEPENDENCIA N° 197-199,013763868/946577457,15.98
ATE,CENTRAL PARIACHI S.A.C.,AV. NICOLAS AYLLON (ANTES CARRETERA CENTRAL) PREDIO SEMI RUSTICO PARIACHI PARCELA 10906,959323728,15.98
SAN MARTIN DE PORRES,H & P INGENIERÍA LÍQUIDA S.A.C.,"AV. LOS DOMINICOS MZ. U, LT.18 - URBANIZACIÓN LOS CIPRESES",015674005/998161283,15.99
SAN JUAN DE LURIGANCHO,EMPRESA DE TRANSPORTES Y SERVICIOS BEA S.A.C.,AA.HH. JOSE CARLOS MARIATEGUI MZ. S-9 LT. 4,959374819,15.99
SAN JUAN DE LURIGANCHO,ESTACION LOS JARDINES EIRL,"AV. PROCERES DE LA INDEPENDENCIA Nº 1015 (MZ. G, LOTE 11 AL 19)",014584556/989308172/973175843,15.99
CHACLACAYO,COESTI S.A.,AV. NICOLAS AYLLON N° 1500,012080100/012033100/954674926,15.99
CARABAYLLO,BECSABETH ROSALIA VILCAPOMA VELAZCO DE FLORES,PARCELA 6 COOPERATIVA AGRARIA MARIA PARADO DE BELLIDO,,15.99
CARABAYLLO,CORPORACION Q & T S.A.C.,AV.T.AMARU KM.22.5 ZONA DE HUACOY - AA.HH. VILLA SAN ANTONIO,015674006/998161283/998151283,15.99
CARABAYLLO,JULIA FIORELLA BERNABEL DAVILA,AV. TUPAC AMARU N° 3603 AA.HH. EL PROGRESO,991679311,15.99
ATE,COESTI SA,"CARRETERA CENTRAL KM. 16 (AV. NICOLAS AYLLON S/N, MZ. A, LOTE 1) PROGRAMA DE VIVIENDA LAS PRADERAS",012033100/978832964/941949574,15.99
ATE,INVERSIONES HM SEÑOR DE MURUHUAY SAC,"AV. ANDRES AVELINO CACERES LT 15, ZONA H, PJ PROYECTO ESPECIAL HUAYCAN",943083859,15.99
ATE,AHV COMBUSTIBLES S.A.C.,CARRETERA CENTRAL KM 13.650 GLORIA BAJA,,15.99
ATE,SERVICIOS MULTIPLES Y TRANSPORTES W.W.C. S.R.L.,CARRETERA CENTRAL KM 14.800 ESQUINA CON AV. GLORIA - GLORIA ALTA,957611432/943619486,15.99
ATE,ESTACION DE SERVICIOS GRIFO DENVER S.R.L.,"CARRETERA CENTRAL SUB PARCELA 8A DE LA PARCELA N°10015 EX FUNDO PARIACHI MZ. A LT. 1 Y 2, PROGRAMA DE VIVIENDA 'LAS PONCIANAS DE PARIACHI'",,15.99
VILLA MARIA DEL TRIUNFO,RAUL HUMBERTO SOLIER REYNOSO,AV. JOSE CARLOS MARIATEGUI N° 3310 ESQ. CON AV. ISIDORO SUAREZ,998322921,15.99
ATE,RAUL TORRES QUIQUIA,"AV. ANDRES AVELINO CACERES ZONA L LOTE 38, 39 Y 40 DEL PUEBLO JOVEN PROYECTO ESPECIAL HUAYCAN",,15.99
ATE,INVERSIONES PACO HUAYCAN S.A.C.,"AV. ANDRES AVELINO CACERES LOTE 9-10, MZ. P, AA. HH. HUAYCAN",999724878/999791374,15.99
COMAS,ROAN INVERSIONES SOCIEDAD ANONIMA CERRADA,"AV.PRLNG. REVOL 3501 MZ.A LT.3,4Y5 AA.HH.SANTA ROSA COLLIQUE",015580940,16.0
PACHANGARA,RIVERA MONZON CONSTANTINO,VIA DE EVITAMIENTO S/N KM 105 + 500 AL 105 + 600,,18.0
OYON,ESTACION DE SERVICIOS VIRGEN DE LA ASUNCION S.A.C.,"CARRETERA P18 KM 133 + 100 – 18 ML, SECTOR ANCUSUTA – URPAY",,18.39
OYON,EMPRESA COMUNAL DE SERVICIOS MULTIPLES OYON - ECOSERMO,"BARRIO MUYUCANCHA APROX. DE 2.1 KM. DESDE OYON POR LA CARRETERA A PAMPAHUAY, VILLA OYON",,18.59
PACHANGARA,RIVERA MONZON CONSTANTINO,VIA DE EVITAMIENTO S/N KM 105 + 500 AL 105 + 600,,17.0
OYON,EMPRESA COMUNAL DE SERVICIOS MULTIPLES OYON - ECOSERMO,"BARRIO MUYUCANCHA APROX. DE 2.1 KM. DESDE OYON POR LA CARRETERA A PAMPAHUAY, VILLA OYON",,17.19
OYON,CORPORACION SAN IGNACIO DE RICALDI SOCIEDAD ANONIMA CERRADA COSAIR S.A.C.,AV. HUANUCO N° 280,,17.2
OYON,ESTACION DE SERVICIOS VIRGEN DE LA ASUNCION S.A.C.,"CARRETERA P18 KM 133 + 100 – 18 ML, SECTOR ANCUSUTA – URPAY",,17.29
No existen registros.,No existen registros.,No existen registros.,No existen registros.,No existen registros.
PACHANGARA,RIVERA MONZON CONSTANTINO,VIA DE EVITAMIENTO S/N KM 105 + 500 AL 105 + 600,,16.95
OYON,ESTACION DE SERVICIOS VIRGEN DE LA ASUNCION S.A.C.,"CARRETERA P18 KM 133 + 100 – 18 ML, SECTOR ANCUSUTA – URPAY",,17.39
OYON,CORPORACION SAN IGNACIO DE RICALDI SOCIEDAD ANONIMA CERRADA COSAIR S.A.C.,AV. HUANUCO N° 280,,17.5
OYON,EMPRESA COMUNAL DE SERVICIOS MULTIPLES OYON - ECOSERMO,"BARRIO MUYUCANCHA APROX. DE 2.1 KM. DESDE OYON POR LA CARRETERA A PAMPAHUAY, VILLA OYON",,17.99
CATAHUASI,VICENTE SANABRIA JOSE STALIN,CASERIO TAMBO ALT. KM 79 CARRETERA CAÑETE - YAUYOS,,18.6
CATAHUASI,VICENTE SANABRIA JOSE STALIN,CASERIO TAMBO ALT. KM 79 CARRETERA CAÑETE - YAUYOS,,17.6
No existen registros.,No existen registros.,No existen registros.,No existen registros.,No existen registros.
CATAHUASI,VICENTE SANABRIA JOSE STALIN,CASERIO TAMBO ALT. KM 79 CARRETERA CAÑETE - YAUYOS,,18.3
